Workbook

Sheet Description
D3: Lab-Book
H5: Supervisor: | I5: Johann F. Osma
B8: Experiment Nº: | C8: 40 | H8: Researcher: | I8: Ailin Prado Falla
B9: Title: | C9: Acetaminophen (APAP) Electrochemical Impedance Spectroscopy (EIS) measurements for Lacase Biosensors with comertial potentiostat | H9: Starting Date: | I9: 45206
B11: Observations
B12: The objective of this experiment is to characterize the newly developed lacase biosensor designed for a microfluidic system potentiostat with different concentrations of APAP. This was made remotly using four syringe pumps controled with an arduino uno. The measurements were made in a commertial potentiostat for EIS for 4 sensors and 4 biosensors.
B20: Follow up of the experimentation
B21: Date | C21: Description | G21: Stage | I21: Location
B23: 45506 | C23: Sensor 1 EIS 0% Acetaminophen
B24: 45505 | C24: Sensor 1 EIS 15% Acetaminophen
B25: 45503 | C25: Sensor 1 EIS 30% Acetaminophen
B26: 45503 | C26: Sensor 1 EIS 45% Acetaminophen
B27: 45504 | C27: Sensor 1 EIS 60% Acetaminophen
B28: 45506 | C28: Sensor 2 EIS 0% Acetaminophen
B29: 45505 | C29: Sensor 2 EIS 15% Acetaminophen
B30: 45503 | C30: Sensor 2 EIS 30% Acetaminophen
B31: 45503 | C31: Sensor 2 EIS 45% Acetaminophen
B32: 45504 | C32: Sensor 2 EIS 60% Acetaminophen
B33: 45506 | C33: Sensor 3 EIS 0% Acetaminophen
B34: 45505 | C34: Sensor 3 EIS 15% Acetaminophen
... B64: 45632 | C64: Biosensors Average
B68: Sample numbering/codification
B71: List of Reagents and/or materials
B72: Name of Reagent or material | E72: Provider | G72: Lot number | I72: Approx. Quantity | K72: Date
B74: Lab book | E74: Biomicrosystems | I74: 1
B75: Potenciostat | E75: Biomicrosystems | I75: 1
B76: Mili Q | E76: Biomicrosystems | I76: 1 ml
B77: APAP 15% | E77: Biomicrosystems | I77: 1 ml
B78: APAP 30% | E78: Biomicrosystems | I78: 1 ml
B79: APAP 45% | E79: Biomicrosystems | I79: 1 ml
B80: APAP 60% | E80: Biomicrosystems | I80: 1 ml

Sheet Sensor1_0%
D3: Lab-Book
H5: Supervisor: | I5: Johann F. Osma
B8: Experiment Nº: | C8: =1 -> 1 | H8: Researcher: | I8: =Description!I8 -> Ailin Prado Falla
B9: Title: | C9: EIS for sensor 1 with APAP 0% | H9: Starting Date: | I9: 45506
B11: Description of the experiment
B13: EIS for APAP 0% in sensor 1 using remotly controlled syringe pumps and commercial potentiostat.
B20: Measurement: | N20: Calculation and/or formula:
B21: Date | N21: Date | O21: Description
C22: freq / Hz | D22: neg. Phase / ° | E22: Idc / uA | F22: Z / Ohm | G22: Z' / Ohm | H22: -Z'' / Ohm | I22: Cs / F | O22: Sample 1 | P22: Sample 2 | Q22: Sample 3 | R22: Sample 4 | S22: Sample 5 | T22: Sample 6 | U22: Sample 7 | V22: Sample 8 | W22: Sample 9
B23: 45506 | C23: 50000 | D23: 88.587464 | E23: 11.444092 | F23: 2524.4661 | G23: 62.23036 | H23: 2523.699 | I23: 1.2612831e-09
B24: 45506 | C24: 35714.285 | D24: -16.764249 | E24: 11.444092 | F24: 1580.4575 | G24: 1513.2875 | H24: -455.85832 | I24: -9.7757094e-09
B25: 45506 | C25: 25641.025 | D25: -44.668353 | E25: 11.444092 | F25: 1465.2437 | G25: 1042.0636 | H25: -1030.0692 | I25: -6.0258501e-09
B26: 45506 | C26: 18390.805 | D26: -52.807061 | E26: 11.764765 | F26: 1204.1006 | G26: 727.87993 | H26: -959.19184 | I26: -9.0222306e-09
B27: 45506 | C27: 13136.289 | D27: -34.72556 | E27: 12.222528 | F27: 691.41531 | G27: 568.26733 | H27: -393.86212 | I27: -3.0761196e-08
B28: 45506 | C28: 9302.3262 | D28: 25.975268 | E28: 12.863398 | F28: 521.90454 | G28: 469.18341 | H28: 228.58539 | I28: 7.4847984e-08
B29: 45506 | C29: 6644.5186 | D29: 62.569399 | E29: 13.229609 | F29: 908.64307 | G29: 418.58813 | H29: 806.48385 | I29: 2.9700307e-08
B30: 45506 | C30: 4761.9048 | D30: 73.602606 | E30: 13.687372 | F30: 1623.1781 | G30: 458.21965 | H30: 1557.1583 | I30: 2.1463802e-08
B31: 45506 | C31: 3401.3606 | D31: 75.578396 | E31: 14.003205 | F31: 2675.9629 | G31: 666.46219 | H31: 2591.6415 | I31: 1.8054794e-08
B32: 45506 | C32: 2433.8301 | D32: 70.589552 | E32: 1.4259553 | F32: 4060.4249 | G32: 1349.4137 | H32: 3829.6388 | I32: 1.7075446e-08
B33: 45506 | C33: 1732.7268 | D33: 61.904028 | E33: 1.4616609 | F33: 5591.4343 | G33: 2633.2852 | H33: 4932.5395 | I33: 1.8621706e-08
B34: 45506 | C34: 1238.3901 | D34: 52.209534 | E34: 1.4891291 | F34: 7051.795 | G34: 4321.1677 | H34: 5572.7303 | I34: 2.3061876e-08
... B62: 45506 | C62: 0.10000128 | D62: -5.933045 | E62: 5.7051968 | F62: 2845.7968 | G62: 2830.5529 | H62: -294.15922 | I62: -0.0054104338
N425: Summary of results
N427: Add in here average values, tables, figures or any result you've got

Sheet Sensor1_15%
D3: Lab-Book
H5: Supervisor: | I5: Johann F. Osma
B8: Experiment Nº: | C8: 2 | H8: Researcher: | I8: =Description!I8 -> Ailin Prado Falla
B9: Title: | C9: EIS for sensor 1 with APAP 15% | H9: Starting Date: | I9: 45505
B11: Description of the experiment
B13: EIS for APAP 15% in sensor 1 using remotly controlled syringe pumps and commercial potentiostat.
B20: Measurement: | L20: Calculation and/or formula:
B21: Date | L21: Date | M21: Description
C22: freq / Hz | D22: neg. Phase / ° | E22: Idc / uA | F22: Z / Ohm | G22: Z' / Ohm | H22: -Z'' / Ohm | I22: Cs / F | M22: Sample 1 | N22: Sample 2 | O22: Sample 3 | P22: Sample 4 | Q22: Sample 5 | R22: Sample 6 | S22: Sample 7 | T22: Sample 8 | U22: Sample 9
B23: 45505 | C23: 50000 | D23: 83.304002 | E23: 14.190674 | F23: 3123.8957 | G23: 364.2505 | H23: 3102.587 | I23: 1.0259499e-09
B24: 45505 | C24: 35714.285 | D24: -7.7696642 | E24: 15.106201 | F24: 1662.0909 | G24: 1646.8321 | H24: -224.69971 | I24: -1.9832417e-08
B25: 45505 | C25: 25641.025 | D25: -21.029445 | E25: 15.106201 | F25: 1597.764 | G25: 1491.3467 | H25: -573.3539 | I25: -1.0825849e-08
B26: 45505 | C26: 18390.805 | D26: 6.9749945 | E26: 15.60998 | F26: 2126.0194 | G26: 2110.2853 | H26: 258.17563 | I26: 3.3520012e-08
B27: 45505 | C27: 13136.289 | D27: 25.050621 | E27: 15.701532 | F27: 2930.803 | G27: 2655.1142 | H27: 1240.9571 | I27: 9.7631656e-09
B28: 45505 | C28: 9302.3262 | D28: 31.837752 | E28: 16.250849 | F28: 3856.7771 | G28: 3276.5068 | H28: 2034.5104 | I28: 8.4094706e-09
B29: 45505 | C29: 6644.5186 | D29: 33.665914 | E29: 16.159296 | F29: 4940.9853 | G29: 4112.3033 | H29: 2739.0321 | I29: 8.7449934e-09
B30: 45505 | C30: 4761.9048 | D30: 31.255648 | E30: 16.067743 | F30: 5868.6514 | G30: 5016.8796 | H30: 3044.994 | I30: 1.0976225e-08
B31: 45505 | C31: 3401.3606 | D31: 26.4204 | E31: 15.733576 | F31: 7064.2589 | G31: 6326.421 | H31: 3143.2708 | I31: 1.4886262e-08
B32: 45505 | C32: 2433.8301 | D32: 22.350738 | E32: 1.4927912 | F32: 7928.4532 | G32: 7332.8149 | H32: 3014.9952 | I32: 2.1689186e-08
B33: 45505 | C33: 1732.7268 | D33: 18.836466 | E33: 1.4287019 | F33: 8466.4072 | G33: 8012.98 | H33: 2733.533 | I33: 3.3602045e-08
B34: 45505 | C34: 1238.3901 | D34: 15.98291 | E34: 1.3939118 | F34: 8936.8336 | G34: 8591.3702 | H34: 2460.7626 | I34: 5.2226741e-08
... B62: 45505 | C62: 0.10000128 | D62: -6.1497819 | E62: 1.1009383 | F62: 13799.244 | G62: 13719.833 | H62: -1478.285 | I62: -0.001076605
L64: Summary of results
L66: Add in here average values, tables, figures or any result you've got

Sheet Sensor1_30%
D3: Lab-Book
H5: Supervisor: | I5: Johann F. Osma
B8: Experiment Nº: | C8: 3 | H8: Researcher: | I8: =Description!I8 -> Ailin Prado Falla
B9: Title: | C9: EIS for sensor 1 with APAP 15% | H9: Starting Date: | I9: 45503
B11: Description of the experiment
B13: EIS for APAP 30% in sensor 1 using remotly controlled syringe pumps and commercial potentiostat.
B20: Measurement: | L20: Calculation and/or formula:
B21: Date | L21: Date | M21: Description
C22: freq / Hz | D22: neg. Phase / ° | E22: Idc / uA | F22: Z / Ohm | G22: Z' / Ohm | H22: -Z'' / Ohm | I22: Cs / F | M22: Sample 1 | N22: Sample 2 | O22: Sample 3 | P22: Sample 4 | Q22: Sample 5 | R22: Sample 6 | S22: Sample 7 | T22: Sample 8 | U22: Sample 9
B23: 45503 | C23: 50000 | D23: -33.500006 | E23: 57.220459 | F23: 1494.6187 | G23: 1246.3413 | H23: -824.93548 | I23: -3.8586034e-09
B24: 45503 | C24: 35714.285 | D24: 4.5994613 | E24: 57.220459 | F24: 906.83048 | G24: 903.91015 | H24: 72.718331 | I24: 6.1282189e-08
B25: 45503 | C25: 25641.025 | D25: 3.8600043 | E25: 57.220459 | F25: 1166.2771 | G25: 1163.6315 | H25: 78.512417 | I25: 7.9058104e-08
B26: 45503 | C26: 18390.805 | D26: 9.3437754 | E26: 57.541847 | F26: 1633.5353 | G26: 1611.8615 | H26: 265.21712 | I26: 3.2630058e-08
B27: 45503 | C27: 13136.289 | D27: 11.042218 | E27: 57.541847 | F27: 1777.6067 | G27: 1744.6966 | H27: 340.46901 | I27: 3.5585236e-08
B28: 45503 | C28: 9302.3262 | D28: 12.00116 | E28: 59.189796 | F28: 1931.8054 | G28: 1889.5827 | H28: 401.6832 | I28: 4.2593655e-08
B29: 45503 | C29: 6644.5186 | D29: 11.981402 | E29: 58.732033 | F29: 2099.6051 | G29: 2053.8653 | H29: 435.8658 | I29: 5.4954571e-08
B30: 45503 | C30: 4761.9048 | D30: 10.761758 | E30: 58.548927 | F30: 2216.9888 | G30: 2177.9966 | H30: 413.96865 | I30: 8.0736882e-08
B31: 45503 | C31: 3401.3606 | D31: 9.0445498 | E31: 58.242153 | F31: 2340.6677 | G31: 2311.5648 | H31: 367.95854 | I31: 1.2716528e-07
B32: 45503 | C32: 2433.8301 | D32: 7.1959129 | E32: 58.049892 | F32: 2425.64 | G32: 2406.5348 | H32: 303.84164 | I32: 2.1521998e-07
B33: 45503 | C33: 1732.7268 | D33: 6.0735227 | E33: 57.793545 | F33: 2464.9605 | G33: 2451.1245 | H33: 260.80406 | I33: 3.5218892e-07
B34: 45503 | C34: 1238.3901 | D34: 5.1473917 | E34: 57.692837 | F34: 2508.7582 | G34: 2498.6409 | H34: 225.0811 | I34: 5.7098357e-07
... B62: 45503 | C62: 0.10000128 | D62: -4.5452717 | E62: 54.158855 | F62: 2776.89 | G62: 2768.1567 | H62: -220.05958 | I62: -0.0072322643
L64: Summary of results
L66: Add in here average values, tables, figures or any result you've got

Sheet Sensor1_45%
D3: Lab-Book
H5: Supervisor: | I5: Johann F. Osma
B8: Experiment Nº: | C8: 4 | H8: Researcher: | I8: =Description!I8 -> Ailin Prado Falla
B9: Title: | C9: EIS for sensor 1 with APAP 15% | H9: Starting Date: | I9: 45503
B11: Description of the experiment
B13: EIS for APAP 45% in sensor 1 using remotly controlled syringe pumps and commercial potentiostat.
B20: Measurement: | X20: Calculation and/or formula:
B21: Date | K21: Date | L21: Description
C22: freq / Hz | D22: neg. Phase / ° | E22: Idc / uA | F22: Z / Ohm | G22: Z' / Ohm | H22: -Z'' / Ohm | I22: Cs / F | L22: Sample 1 | M22: Sample 2 | N22: Sample 3 | O22: Sample 4 | P22: Sample 5 | Q22: Sample 6 | R22: Sample 7 | S22: Sample 8 | T22: Sample 9
B23: 45503 | C23: 50000 | D23: -57.198541 | E23: 81.942078 | F23: 1762.5869 | G23: 954.84551 | H23: -1481.5474 | I23: -2.1484962e-09
B24: 45503 | C24: 35714.285 | D24: -9.4635388 | E24: 81.942078 | F24: 979.28305 | G24: 965.95543 | H24: -161.01365 | I24: -2.7676774e-08
B25: 45503 | C25: 25641.025 | D25: -12.705821 | E25: 80.111023 | F25: 1072.0431 | G25: 1045.7912 | H25: -235.79087 | I25: -2.6324357e-08
B26: 45503 | C26: 18390.805 | D26: -7.0537424 | E26: 78.782318 | F26: 1391.2671 | G26: 1380.7372 | H26: -170.84799 | I26: -5.0653508e-08
B27: 45503 | C27: 13136.289 | D27: -2.405857 | E27: 77.958344 | F27: 1432.6235 | G27: 1431.3608 | H27: -60.138368 | I27: -2.0146323e-07
B28: 45503 | C28: 9302.3262 | D28: 1.3175544 | E28: 78.965424 | F28: 1501.0837 | G28: 1500.6869 | H28: 34.515372 | I28: 4.9569668e-07
B29: 45503 | C29: 6644.5186 | D29: 3.435771 | E29: 77.866791 | F29: 1580.9147 | G29: 1578.0732 | H29: 94.743562 | I29: 2.5281737e-07
B30: 45503 | C30: 4761.9048 | D30: 4.5559914 | E30: 76.676605 | F30: 1637.9487 | G30: 1632.7731 | H30: 130.10764 | I30: 2.5688375e-07
B31: 45503 | C31: 3401.3606 | D31: 4.9922819 | E31: 75.481796 | F31: 1713.8117 | G31: 1707.3103 | H31: 149.13855 | I31: 3.1374552e-07
B32: 45503 | C32: 2433.8301 | D32: 4.9878152 | E32: 74.694443 | F32: 1778.2239 | G32: 1771.4901 | H32: 154.6057 | I32: 4.2296496e-07
B33: 45503 | C33: 1732.7268 | D33: 5.2655408 | E33: 73.769737 | F33: 1826.6543 | G33: 1818.946 | H33: 167.6352 | I33: 5.4792966e-07
B34: 45503 | C34: 1238.3901 | D34: 5.4771598 | E34: 73.348595 | F34: 1885.9652 | G34: 1877.3545 | H34: 180.01338 | I34: 7.1393365e-07
... B62: 45503 | C62: 0.10000128 | D62: -11.441956 | E62: 61.300064 | F62: 3081.2221 | G62: 3019.9864 | H62: -611.23778 | I62: -0.0026037805
X64: Summary of results
X66: Add in here average values, tables, figures or any result you've got

Sheet Sensor1_60%
D3: Lab-Book
H5: Supervisor: | I5: Johann F. Osma
B8: Experiment Nº: | C8: 5 | H8: Researcher: | I8: =Description!I8 -> Ailin Prado Falla
B9: Title: | C9: EIS for sensor 1 with APAP 15% | H9: Starting Date: | I9: 45504
B11: Description of the experiment
B13: EIS for APAP 60% in sensor 1 using remotly controlled syringe pumps and commercial potentiostat.
B20: Measurement: | L20: Calculation and/or formula:
B21: Date | L21: Date | M21: Description
C22: freq / Hz | D22: neg. Phase / ° | E22: Idc / uA | F22: Z / Ohm | G22: Z' / Ohm | H22: -Z'' / Ohm | I22: Cs / F | M22: Sample 1 | N22: Sample 2 | O22: Sample 3 | P22: Sample 4 | Q22: Sample 5 | R22: Sample 6 | S22: Sample 7 | T22: Sample 8 | U22: Sample 9
B23: 45504 | C23: 50000 | D23: -30.005416 | E23: 7.7819824 | F23: 1376.5026 | G23: 1192.0212 | H23: -688.36398 | I23: -4.6241508e-09
B24: 45504 | C24: 35714.285 | D24: 10.693138 | E24: 7.7819824 | F24: 845.41638 | G24: 830.73575 | H24: 156.86611 | I24: 2.8408549e-08
B25: 45504 | C25: 25641.025 | D25: 14.198756 | E25: 7.7819824 | F25: 1158.3355 | G25: 1122.9492 | H25: 284.12389 | I25: 2.1846255e-08
B26: 45504 | C26: 18390.805 | D26: 26.931108 | E26: 7.5531006 | F26: 1689.7783 | G26: 1506.5248 | H26: 765.33241 | I26: 1.130757e-08
B27: 45504 | C27: 13136.289 | D27: 32.162861 | E27: 7.6446533 | F27: 1970.2213 | G27: 1667.868 | H27: 1048.8033 | I27: 1.1551899e-08
B28: 45504 | C28: 9302.3262 | D28: 37.029912 | E28: 7.8277588 | F28: 2338.6211 | G28: 1866.9708 | H28: 1408.3922 | I28: 1.2148005e-08
B29: 45504 | C29: 6644.5186 | D29: 41.184958 | E29: 7.8277588 | F29: 2865.2313 | G29: 2156.3381 | H29: 1886.7316 | I29: 1.2695403e-08
B30: 45504 | C30: 4761.9048 | D30: 41.981958 | E30: 7.7362061 | F30: 3494.5195 | G30: 2597.6702 | H30: 2337.4721 | I30: 1.4298583e-08
B31: 45504 | C31: 3401.3606 | D31: 40.551118 | E31: 7.6585054 | F31: 4441.4056 | G31: 3374.6965 | H31: 2887.4742 | I31: 1.6205011e-08
B32: 45504 | C32: 2433.8301 | D32: 37.754176 | E32: 0.76035738 | F32: 5281.9096 | G32: 4176.1151 | H32: 3233.9807 | I32: 2.0220526e-08
B33: 45504 | C33: 1732.7268 | D33: 33.503351 | E33: 0.75852633 | F33: 6095.4026 | G33: 5082.673 | H33: 3364.5754 | I33: 2.7299819e-08
B34: 45504 | C34: 1238.3901 | D34: 29.053435 | E34: 0.75394869 | F34: 6828.7648 | G34: 5969.4822 | H34: 3316.2195 | I34: 3.8754253e-08
... B62: 45504 | C62: 0.10000128 | D62: -15.648324 | E62: 0.91142178 | F62: 18415.349 | G62: 17732.791 | H62: -4967.21 | I62: -0.00032040703
L64: Summary of results
L66: Add in here average values, tables, figures or any result you've got

Sheet Sensor2_0%
D3: Lab-Book
H5: Supervisor: | I5: Johann F. Osma
B8: Experiment Nº: | C8: 6 | H8: Researcher: | I8: =Description!I8 -> Ailin Prado Falla
B9: Title: | C9: EIS for sensor 2 with APAP 15% | H9: Starting Date: | I9: 45506
B11: Description of the experiment
B13: EIS for APAP 0% in sensor 2 using remotly controlled syringe pumps and commercial potentiostat.
B20: Measurement: | N20: Calculation and/or formula:
B21: Date | N21: Date | O21: Description
C22: freq / Hz | D22: neg. Phase / ° | E22: Idc / uA | F22: Z / Ohm | G22: Z' / Ohm | H22: -Z'' / Ohm | I22: Cs / F | O22: Sample 1 | P22: Sample 2 | Q22: Sample 3 | R22: Sample 4 | S22: Sample 5 | T22: Sample 6 | U22: Sample 7 | V22: Sample 8 | W22: Sample 9
B23: 45506 | C23: 50000 | D23: 65.218685 | E23: 3.2043457 | F23: 3823.3278 | G23: 1602.5709 | H23: 3471.2537 | I23: 9.1698826e-10
B24: 45506 | C24: 35714.285 | D24: 1.7512645 | E24: 3.2043457 | F24: 1923.8042 | G24: 1922.9056 | H24: 58.792558 | I24: 7.5797663e-08
B25: 45506 | C25: 25641.025 | D25: -4.0555139 | E25: 3.2043457 | F25: 2368.3981 | G25: 2362.4677 | H25: -167.50018 | I25: -3.7056933e-08
B26: 45506 | C26: 18390.805 | D26: 20.495001 | E26: 30.258656 | F26: 1353.3588 | G26: 1267.6949 | H26: 473.84562 | I26: 1.8263438e-08
B27: 45506 | C27: 13136.289 | D27: 42.927892 | E27: 24.857044 | F27: 1860.1396 | G27: 1362.0155 | H27: 1266.899 | I27: 9.5632484e-09
B28: 45506 | C28: 9302.3262 | D28: 47.525612 | E28: 37.491322 | F28: 1845.6489 | G28: 1246.2939 | H28: 1361.3123 | I28: 1.2568134e-08
B29: 45506 | C29: 6644.5186 | D29: 48.908973 | E29: 39.047718 | F29: 2615.04 | G29: 1718.7539 | H29: 1970.8676 | I29: 1.2153438e-08
B30: 45506 | C30: 4761.9048 | D30: 44.758671 | E30: 58.457375 | F30: 2285.8007 | G30: 1623.0987 | H30: 1609.483 | I30: 2.0766009e-08
B31: 45506 | C31: 3401.3606 | D31: 39.138033 | E31: 66.527817 | F31: 2615.4916 | G31: 2028.6474 | H31: 1650.8742 | I31: 2.8343499e-08
B32: 45506 | C32: 2433.8301 | D32: 32.118973 | E32: 78.173492 | F32: 2628.5719 | G32: 2226.2582 | H32: 1397.5567 | I32: 4.6790798e-08
B33: 45506 | C33: 1732.7268 | D33: 25.536823 | E33: 73.751427 | F33: 2981.3635 | G33: 2690.1094 | H33: 1285.2392 | I33: 7.1467084e-08
B34: 45506 | C34: 1238.3901 | D34: 19.791126 | E34: 79.143974 | F34: 2914.9423 | G34: 2742.766 | H34: 986.97671 | I34: 1.3021342e-07
... B62: 45506 | C62: 0.10000128 | D62: -1.6036837 | E62: 215.02863 | F62: 1820.1536 | G62: 1819.4407 | H62: -50.938648 | I62: -0.031244037
N64: Summary of results
N66: Add in here average values, tables, figures or any result you've got

Sheet  Sensor2_15%
D3: Lab-Book
H5: Supervisor: | I5: Johann F. Osma
B8: Experiment Nº: | C8: 7 | H8: Researcher: | I8: =Description!I8 -> Ailin Prado Falla
B9: Title: | C9: EIS for sensor 2 with APAP 15% | H9: Starting Date: | I9: 45505
B11: Description of the experiment
B13: EIS for APAP 15% in sensor 2 using remotly controlled syringe pumps and commercial potentiostat.
B20: Measurement: | L20: Calculation and/or formula:
B21: Date | C21: Description | L21: Date | M21: Description
C22: freq / Hz | D22: neg. Phase / ° | E22: Idc / uA | F22: Z / Ohm | G22: Z' / Ohm | H22: -Z'' / Ohm | I22: Cs / F | M22: Sample 1 | N22: Sample 2 | O22: Sample 3 | P22: Sample 4 | Q22: Sample 5 | R22: Sample 6 | S22: Sample 7 | T22: Sample 8 | U22: Sample 9
B23: 45505 | C23: 50000 | D23: 73.634807 | E23: 9.6130371 | F23: 3627.8733 | G23: 1022.1846 | H23: 3480.8912 | I23: 9.1444941e-10
B24: 45505 | C24: 35714.285 | D24: -1.4281649 | E24: 10.528564 | F24: 2001.8453 | G24: 2001.2235 | H24: -49.893189 | I24: -8.9317572e-08
B25: 45505 | C25: 25641.025 | D25: -19.9677 | E25: 10.528564 | F25: 2100.2961 | G25: 1974.0374 | H25: -717.23083 | I25: -8.6541774e-09
B26: 45505 | C26: 18390.805 | D26: 17.77372 | E26: 10.208368 | F26: 3541.7751 | G26: 3372.7244 | H26: 1081.1572 | I26: 8.0044329e-09
B27: 45505 | C27: 13136.289 | D27: 35.299906 | E27: 10.208368 | F27: 5632.3802 | G27: 4596.8026 | H27: 3254.7063 | I27: 3.7225079e-09
B28: 45505 | C28: 9302.3262 | D28: 41.290105 | E28: 10.391474 | F28: 7477.6717 | G28: 5618.5588 | H28: 4934.3056 | I28: 3.4673887e-09
B29: 45505 | C29: 6644.5186 | D29: 45.319991 | E29: 10.299921 | F29: 10069.608 | G29: 7080.4113 | H29: 7159.943 | I29: 3.3453923e-09
B30: 45505 | C30: 4761.9048 | D30: 41.373209 | E30: 10.208368 | F30: 12629.651 | G30: 9477.5452 | H30: 8347.7071 | I30: 4.0037986e-09
B31: 45505 | C31: 3401.3606 | D31: 33.206769 | E31: 10.057211 | F31: 17644.335 | G31: 14763.008 | H31: 9663.1331 | I31: 4.8422755e-09
B32: 45505 | C32: 2433.8301 | D32: 25.986601 | E32: 1.0075521 | F32: 20158.603 | G32: 18120.499 | H32: 8832.7129 | I32: 7.4034776e-09
B33: 45505 | C33: 1732.7268 | D33: 20.217418 | E33: 0.99656582 | F33: 21456.891 | G33: 20134.889 | H33: 7415.1474 | I33: 1.2387117e-08
B34: 45505 | C34: 1238.3901 | D34: 15.628384 | E34: 0.99290371 | F34: 22525.654 | G34: 21692.863 | H34: 6068.342 | I34: 2.1178373e-08
... B62: 45505 | C62: 0.10000128 | D62: -11.652529 | E62: 0.93051052 | F62: 22153.198 | G62: 21696.632 | H62: -4474.4123 | I62: -0.00035569565
L64: Summary of results
L66: Add in here average values, tables, figures or any result you've got

Sheet Sensor2_30%
D3: Lab-Book
H5: Supervisor: | I5: Johann F. Osma
B8: Experiment Nº: | C8: 8 | H8: Researcher: | I8: =Description!I8 -> Ailin Prado Falla
B9: Title: | C9: EIS for sensor 2 with APAP 15% | H9: Starting Date: | I9: 45503
B11: Description of the experiment
B13: EIS for APAP 30% in sensor 2 using remotly controlled syringe pumps and commercial potentiostat.
B20: Measurement: | L20: Calculation and/or formula:
B21: Date | C21: Description | L21: Date | M21: Description
C22: freq / Hz | D22: neg. Phase / ° | E22: Idc / uA | F22: Z / Ohm | G22: Z' / Ohm | H22: -Z'' / Ohm | I22: Cs / F | M22: Sample 1 | N22: Sample 2 | O22: Sample 3 | P22: Sample 4 | Q22: Sample 5 | R22: Sample 6 | S22: Sample 7 | T22: Sample 8 | U22: Sample 9
B23: 45503 | C23: 50000 | D23: 90.563816 | E23: 129.5495 | F23: 2631.314 | G23: -25.892877 | H23: 2631.1866 | I23: 1.209758e-09
B24: 45503 | C24: 35714.285 | D24: -15.699595 | E24: 132.29608 | F24: 1666.9985 | G24: 1604.8089 | H24: -451.0792 | I24: -9.8792817e-09
B25: 45503 | C25: 25641.025 | D25: -38.268794 | E25: 135.95819 | F25: 1660.4187 | G25: 1303.6177 | H25: -1028.3828 | I25: -6.0357317e-09
B26: 45503 | C26: 18390.805 | D26: -45.375609 | E26: 137.28548 | F26: 1713.0071 | G26: 1203.3123 | H26: -1219.1935 | I26: -7.0981758e-09
B27: 45503 | C27: 13136.289 | D27: -37.746955 | E27: 138.56721 | F27: 1420.4172 | G27: 1123.1553 | H27: -869.54427 | I27: -1.3933356e-08
B28: 45503 | C28: 9302.3262 | D28: -28.997778 | E28: 141.86311 | F28: 1263.4256 | G28: 1105.0407 | H28: -612.47801 | I28: -2.7934318e-08
B29: 45503 | C29: 6644.5186 | D29: -22.160504 | E29: 141.22224 | F29: 1164.7702 | G29: 1078.7296 | H29: -439.35419 | I29: -5.4518242e-08
B30: 45503 | C30: 4761.9048 | D30: -15.876229 | E30: 144.15193 | F30: 1099.9855 | G30: 1058.0264 | H30: -300.91223 | I30: -1.1107072e-07
B31: 45503 | C31: 3401.3606 | D31: -10.897615 | E31: 143.30511 | F31: 1072.654 | G31: 1053.3104 | H31: -202.79013 | I31: -2.307388e-07
B32: 45503 | C32: 2433.8301 | D32: -7.1942844 | E32: 144.71503 | F32: 1059.2358 | G32: 1050.8967 | H32: -132.65262 | I32: -4.9296269e-07
B33: 45503 | C33: 1732.7268 | D33: -4.3413118 | E33: 128.87616 | F33: 1050.2668 | G33: 1047.2534 | H33: -79.502788 | I33: -1.1553343e-06
B34: 45503 | C34: 1238.3901 | D34: -0.16998738 | E34: 144.1474 | F34: 1061.1219 | G34: 1061.1172 | H34: -3.1481736 | I34: -4.0822912e-05
... B62: 45503 | C62: 0.10000128 | D62: -39.491652 | E62: 181.23598 | F62: 1191.5181 | G62: 919.51505 | H62: -757.76474 | I62: -0.0021002944
L64: Summary of results
L66: Add in here average values, tables, figures or any result you've got

Sheet Sensor2_45%
D3: Lab-Book
H5: Supervisor: | I5: Johann F. Osma
B8: Experiment Nº: | C8: 9 | H8: Researcher: | I8: =Description!I8 -> Ailin Prado Falla
B9: Title: | C9: EIS for sensor 2 with APAP 15% | H9: Starting Date: | I9: 45503
B11: Description of the experiment
B13: EIS for APAP 45% in sensor 2 using remotly controlled syringe pumps and commercial potentiostat.
B20: Measurement: | L20: Calculation and/or formula:
B21: Date | C21: Description | L21: Date | M21: Description
C22: freq / Hz | D22: neg. Phase / ° | E22: Idc / uA | F22: Z / Ohm | G22: Z' / Ohm | H22: -Z'' / Ohm | I22: Cs / F | M22: Sample 1 | N22: Sample 2 | O22: Sample 3 | P22: Sample 4 | Q22: Sample 5 | R22: Sample 6 | S22: Sample 7 | T22: Sample 8 | U22: Sample 9
B23: 45503 | C23: 50000 | D23: -52.69645 | E23: 1232.7766 | F23: 331.11511 | G23: 200.66823 | H23: -263.38086 | I23: -1.2085536e-08
B24: 45503 | C24: 35714.285 | D24: -33.695892 | E24: 1301.4412 | F24: 225.20442 | G24: 187.3687 | H24: -124.93998 | I24: -3.5667833e-08
B25: 45503 | C25: 25641.025 | D25: -27.068014 | E25: 1310.5964 | F25: 186.48239 | G25: 166.05641 | H25: -84.858414 | I25: -7.3145874e-08
B26: 45503 | C26: 18390.805 | D26: -20.89739 | E26: 1312.1996 | F26: 179.10359 | G26: 167.32229 | H26: -63.885437 | I26: -1.3546201e-07
B27: 45503 | C27: 13136.289 | D27: -14.548143 | E27: 1320.6224 | F27: 173.26665 | G27: 167.71119 | H27: -43.523439 | I27: -2.7837115e-07
B28: 45503 | C28: 9302.3262 | D28: -10.158505 | E28: 1324.3761 | F28: 173.35711 | G28: 170.6395 | H28: -30.575327 | I28: -5.5957391e-07
B29: 45503 | C29: 6644.5186 | D29: -6.894528 | E29: 1313.8475 | F29: 173.08793 | G29: 171.8363 | H29: -20.777826 | I29: -1.1528067e-06
B30: 45503 | C30: 4761.9048 | D30: -3.9334018 | E30: 1340.3983 | F30: 173.08358 | G30: 172.67588 | H30: -11.872997 | I30: -2.8150042e-06
B31: 45503 | C31: 3401.3606 | D31: -0.80468895 | E31: 1339.4828 | F31: 174.01338 | G31: 173.99622 | H31: -2.4438456 | I31: -1.9146689e-05
B32: 45503 | C32: 2433.8301 | D32: -0.43918326 | E32: 1334.5389 | F32: 175.56372 | G32: 175.55856 | H32: -1.3457168 | I32: -4.8593279e-05
B33: 45503 | C33: 1732.7268 | D33: 0.038640605 | E33: 1331.8839 | F33: 175.91968 | G33: 175.91964 | H33: 0.11864124 | I33: 0.00077420215
B34: 45503 | C34: 1238.3901 | D34: 0.56138589 | E34: 1328.588 | F34: 177.22302 | G34: 177.21451 | H34: 1.7364091 | I34: 7.4013441e-05
... B62: 45503 | C62: 0.10000128 | D62: 30.274356 | E62: 1182.4674 | F62: 239.37548 | G62: 206.72976 | H62: 120.67903 | I62: 0.013188116
L64: Summary of results
L66: Add in here average values, tables, figures or any result you've got

Sheet Sensor2_60%
D3: Lab-Book
H5: Supervisor: | I5: Johann F. Osma
B8: Experiment Nº: | C8: 10 | H8: Researcher: | I8: =Description!I8 -> Ailin Prado Falla
B9: Title: | C9: EIS for sensor 2 with APAP 15% | H9: Starting Date: | I9: 45504
B11: Description of the experiment
B13: EIS for APAP 60% in sensor 2 using remotly controlled syringe pumps and commercial potentiostat.
B20: Measurement: | K20: Calculation and/or formula:
B21: Date | C21: Description | K21: Date | L21: Description
C22: freq / Hz | D22: neg. Phase / ° | E22: Idc / uA | F22: Z / Ohm | G22: Z' / Ohm | H22: -Z'' / Ohm | I22: Cs / F | L22: Sample 1 | M22: Sample 2 | N22: Sample 3 | O22: Sample 4 | P22: Sample 5 | Q22: Sample 6 | R22: Sample 7 | S22: Sample 8 | T22: Sample 9
B23: 45504 | C23: 50000 | D23: 79.011649 | E23: 42.572021 | F23: 3461.7605 | G23: 659.84417 | H23: 3398.2925 | I23: 9.3667596e-10
B24: 45504 | C24: 35714.285 | D24: 1.5297578 | E24: 42.572021 | F24: 1978.1149 | G24: 1977.4099 | H24: 52.808028 | I24: 8.4387519e-08
B25: 45504 | C25: 25641.025 | D25: -22.901528 | E25: 41.656494 | F25: 2627.4749 | G25: 2420.3642 | H25: -1022.4779 | I25: -6.0705885e-09
B26: 45504 | C26: 18390.805 | D26: -33.497423 | E26: 38.864613 | F26: 3948.8197 | G26: 3292.9628 | H26: -2179.3516 | I26: -3.9709289e-09
B27: 45504 | C27: 13136.289 | D27: -24.455124 | E27: 38.040638 | F27: 3554.4024 | G27: 3235.522 | H27: -1471.453 | I27: -8.2338139e-09
B28: 45504 | C28: 9302.3262 | D28: -14.207318 | E28: 38.589954 | F28: 3473.5791 | G28: 3367.3362 | H28: -852.5247 | I28: -2.0068809e-08
B29: 45504 | C29: 6644.5186 | D29: -9.2335859 | E29: 38.498402 | F29: 3537.5104 | G29: 3491.6727 | H29: -567.62823 | I29: -4.2198074e-08
B30: 45504 | C30: 4761.9048 | D30: -5.7956877 | E30: 38.315296 | F30: 3510.8603 | G30: 3492.9139 | H30: -354.53165 | I30: -9.4272367e-08
B31: 45504 | C31: 3401.3606 | D31: -4.8165563 | E31: 38.466476 | F31: 3522.064 | G31: 3509.6264 | H31: -295.73288 | I31: -1.5822235e-07
B32: 45504 | C32: 2433.8301 | D32: -3.67325 | E32: 38.036156 | F32: 3541.135 | G32: 3533.8602 | H32: -226.86777 | I32: -2.8824188e-07
B33: 45504 | C33: 1732.7268 | D33: -2.2288151 | E33: 38.228416 | F33: 3537.3737 | G33: 3534.6977 | H33: -137.56971 | I33: -6.6767822e-07
B34: 45504 | C34: 1238.3901 | D34: -1.1933466 | E34: 38.127708 | F34: 3534.7025 | G34: 3533.9359 | H34: -73.614851 | I34: -1.7458109e-06
... B62: 45504 | C62: 0.10000128 | D62: 0.50096597 | E62: 39.574265 | F62: 3962.0443 | G62: 3961.8928 | H62: 34.641715 | I62: 0.045942558
K64: Summary of results
K66: Add in here average values, tables, figures or any result you've got

Sheet Sensor3_0%
D3: Lab-Book
H5: Supervisor: | I5: Johann F. Osma
B8: Experiment Nº: | C8: 11 | H8: Researcher: | I8: =Description!I8 -> Ailin Prado Falla
B9: Title: | C9: EIS for sensor 3 with APAP 15% | H9: Starting Date: | I9: 45506
B11: Description of the experiment
B13: EIS for APAP 0% in sensor 3 using remotly controlled syringe pumps and commercial potentiostat.
B20: Measurement: | AA20: Calculation and/or formula:
B21: Date | C21: Description | E21: Description | G21: Description | I21: Description | K21: Description | M21: Description | O21: Description | Q21: Description | S21: Description | U21: Description | AA21: Date | AB21: Description
C22: freq / Hz | D22: neg. Phase / ° | E22: Idc / uA | F22: Z / Ohm | G22: Z' / Ohm | H22: -Z'' / Ohm | I22: Cs / F | J22: Current (µA) | K22: Voltage (V) | L22: Current (µA) | M22: Voltage (V) | N22: Current (µA) | O22: Voltage (V) | P22: Current (µA) | Q22: Voltage (V) | R22: Current (µA) | S22: Voltage (V) | T22: Current (µA) | U22: Voltage (V) | V22: Current (µA) | AB22: Sample 1 | AC22: Sample 2 | AD22: Sample 3 | AE22: Sample 4 | AF22: Sample 5 | AG22: Sample 6 | AH22: Sample 7 | AI22: Sample 8 | AJ22: Sample 9
B23: 45506 | C23: 50000 | D23: 69.537327 | E23: 24.261475 | F23: 3733.0939 | G23: 1305.0787 | H23: 3497.5362 | I23: 9.1009747e-10 | J23: 66.308069 | K23: 7.6785371e-05 | L23: 52.584124 | M23: 7.6785371e-05 | N23: 61.840248 | O23: 7.6785371e-05 | P23: 127.54865 | Q23: 7.6785371e-05 | R23: 130.98192 | S23: 7.6785371e-05 | T23: 109.90615 | U23: 7.6785371e-05 | V23: 71.114683
B24: 45506 | C24: 35714.285 | D24: 0.93971355 | E24: 24.261475 | F24: 2122.6399 | G24: 2122.3544 | H24: 34.812058 | I24: 1.2801135e-07 | J24: 68.08424 | K24: 0.010058884 | L24: 53.838396 | M24: 0.010058884 | N24: 62.929726 | O24: 0.010058884 | P24: 129.32477 | Q24: 0.010058884 | R24: 132.70311 | S24: 0.010058884 | T24: 111.26118 | U24: 0.010058884 | V24: 72.506285
B25: 45506 | C25: 25641.025 | D25: -32.36457 | E25: 22.43042 | F25: 2938.1682 | G25: 2481.7506 | H25: -1572.8149 | I25: -3.9464547e-09 | J25: 69.768834 | K25: 0.020041382 | L25: 54.982829 | M25: 0.020041382 | N25: 64.339662 | O25: 0.020041382 | P25: 130.32274 | Q25: 0.020041382 | R25: 134.7631 | S25: 0.020041382 | T25: 112.607 | U25: 0.020041382 | V25: 73.659873
B26: 45506 | C26: 18390.805 | D26: -44.724232 | E26: 21.835566 | F26: 3362.9551 | G26: 2389.386 | H26: -2366.4955 | I26: -3.6569053e-09 | J26: 70.556188 | K26: 0.03002348 | L26: 56.182194 | M26: 0.03002348 | N26: 65.804529 | O26: 0.03002348 | P26: 131.17418 | Q26: 0.03002348 | R26: 135.61454 | S26: 0.03002348 | T26: 114.01691 | U26: 0.03002348 | V26: 74.60289
B27: 45506 | C27: 13136.289 | D27: -20.356374 | E27: 20.920038 | F27: 2524.6317 | G27: 2366.9612 | H27: -878.21404 | I27: -1.3795805e-08 | J27: 68.93568 | K27: 0.040005978 | L27: 57.61044 | M27: 0.040005978 | N27: 67.04967 | O27: 0.040005978 | P27: 131.66857 | Q27: 0.040005978 | R27: 137.7203 | S27: 0.040005978 | T27: 115.43603 | U27: 0.040005978 | V27: 75.408554
B28: 45506 | C28: 9302.3262 | D28: 8.1085202 | E28: 20.553827 | F28: 2805.7717 | G28: 2777.7216 | H28: 395.74976 | I28: 4.3232257e-08 | J28: 70.574498 | K28: 0.049988076 | L28: 58.864737 | M28: 0.049988076 | N28: 68.505383 | O28: 0.049988076 | P28: 132.41014 | Q28: 0.049988076 | R28: 138.8464 | S28: 0.049988076 | T28: 117.15722 | U28: 0.049988076 | V28: 76.672006
B29: 45506 | C29: 6644.5186 | D29: 20.870658 | E29: 19.729853 | F29: 3731.7187 | G29: 3486.8696 | H29: 1329.4603 | I29: 1.8016948e-08 | J29: 72.414732 | K29: 0.059970174 | L29: 60.192275 | M29: 0.059970174 | N29: 69.64066 | O29: 0.059970174 | P29: 133.50883 | Q29: 0.059970174 | R29: 140.84229 | S29: 0.059970174 | T29: 118.29252 | U29: 0.059970174 | V29: 77.203012
B30: 45506 | C30: 4761.9048 | D30: 23.093782 | E30: 18.905878 | F30: 4648.515 | G30: 4276.0019 | H30: 1823.3209 | I30: 1.8330584e-08 | J30: 73.943686 | K30: 0.069952674 | L30: 61.574721 | M30: 0.069952674 | N30: 71.023107 | O30: 0.069952674 | P30: 134.38773 | Q30: 0.069952674 | R30: 142.8565 | S30: 0.069952674 | T30: 119.1165 | U30: 0.069952674 | V30: 78.008699
B31: 45506 | C31: 3401.3606 | D31: 19.418292 | E31: 18.397808 | F31: 5717.1543 | G31: 5391.9429 | H31: 1900.738 | I31: 2.4617571e-08 | J31: 75.078964 | K31: 0.079934768 | L31: 62.691689 | M31: 0.079934768 | N31: 72.195005 | O31: 0.079934768 | P31: 135.08353 | Q31: 0.079934768 | R31: 143.33258 | S31: 0.079934768 | T31: 120.37997 | U31: 0.079934768 | V31: 78.109407
B32: 45506 | C32: 2433.8301 | D32: 15.557618 | E32: 1.7637897 | F32: 6315.3003 | G32: 6083.9154 | H32: 1693.8095 | I32: 3.8606933e-08 | J32: 76.562142 | K32: 0.08991687 | L32: 64.101624 | M32: 0.08991687 | N32: 76.589608 | O32: 0.08991687 | P32: 135.23002 | Q32: 0.08991687 | R32: 144.69671 | S32: 0.08991687 | T32: 121.52438 | U32: 0.08991687 | V32: 78.246737
B33: 45506 | C33: 1732.7268 | D33: 11.840353 | E33: 1.6997028 | F33: 6662.0143 | G33: 6520.2674 | H33: 1366.9482 | I33: 6.7195159e-08 | J33: 78.576326 | K33: 0.099899366 | L33: 65.548182 | M33: 0.099899366 | N33: 77.816439 | O33: 0.099899366 | P33: 135.04691 | Q33: 0.099899366 | R33: 145.29181 | S33: 0.099899366 | T33: 122.61386 | U33: 0.099899366 | V33: 78.107119
B34: 45506 | C34: 1238.3901 | D34: 8.6858978 | E34: 1.6456867 | F34: 6940.052 | G34: 6860.4572 | H34: 1048.0694 | I34: 1.2262319e-07 | J34: 79.555964 | K34: 0.10988147 | L34: 66.765857 | M34: 0.10988147 | N34: 76.745248 | O34: 0.10988147 | P34: 135.55961 | Q34: 0.10988147 | R34: 144.65094 | S34: 0.10988147 | T34: 123.34628 | U34: 0.10988147 | V34: 78.127718
... B62: 45506 | C62: 0.10000128 | D62: 11.950508 | E62: 0.6633091 | F62: 17607.17 | G62: 17225.567 | H62: 3645.8586 | I62: 0.00043653065 | J62: 98.745704 | K62: 0.38938463 | L62: 85.168242 | M62: 0.38938463 | N62: 86.852837 | O62: 0.38938463 | P62: 147.8004 | Q62: 0.38938463 | R62: 156.69031 | S62: 0.38938463 | T62: 130.73473 | U62: 0.38938463 | V62: 101.23596
AA63: Summary of results
AA65: Add in here average values, tables, figures or any result you've got

Sheet Sensor3_15%
D3: Lab-Book
H5: Supervisor: | I5: Johann F. Osma
B8: Experiment Nº: | C8: 12 | H8: Researcher: | I8: =Description!I8 -> Ailin Prado Falla
B9: Title: | C9: EIS for sensor 3 with APAP 15% | H9: Starting Date: | I9: 45505
B11: Description of the experiment
B13: EIS for APAP 15% in sensor 3 using remotly controlled syringe pumps and commercial potentiostat.
B20: Measurement: | Y20: Calculation and/or formula:
B21: Date | C21: Description | E21: Description | G21: Description | I21: Description | K21: Description | M21: Description | O21: Description | Q21: Description | S21: Description | U21: Description | Y21: Date | Z21: Description
C22: freq / Hz | D22: neg. Phase / ° | E22: Idc / uA | F22: Z / Ohm | G22: Z' / Ohm | H22: -Z'' / Ohm | I22: Cs / F | J22: Current (µA) | K22: Voltage (V) | L22: Current (µA) | M22: Voltage (V) | N22: Current (µA) | O22: Voltage (V) | P22: Current (µA) | Q22: Voltage (V) | R22: Current (µA) | S22: Voltage (V) | T22: Current (µA) | U22: Voltage (V) | V22: Current (µA) | Z22: Sample 1 | AA22: Sample 2 | AB22: Sample 3 | AC22: Sample 4 | AD22: Sample 5 | AE22: Sample 6 | AF22: Sample 7 | AG22: Sample 8 | AH22: Sample 9
B23: 45505 | C23: 50000 | D23: 73.634807 | E23: 17.852783 | F23: 3627.8733 | G23: 1022.1846 | H23: 3480.8912 | I23: 9.1444941e-10 | J23: 212.59327 | K23: 7.6785371e-05 | L23: 289.08205 | M23: 7.6785371e-05 | N23: 194.58456 | O23: 7.6785371e-05 | P23: 119.57426 | Q23: 7.6785371e-05 | R23: 124.40834 | S23: 7.6785371e-05 | T23: 180.50356 | U23: 7.6785371e-05 | V23: 167.31977
B24: 45505 | C24: 35714.285 | D24: -2.6171774 | E24: 16.937256 | F24: 2215.6139 | G24: 2213.3028 | H24: -101.17042 | I24: -4.4047839e-08 | J24: 204.17943 | K24: 0.010058884 | L24: 275.71535 | M24: 0.010058884 | N24: 189.75053 | O24: 0.010058884 | P24: 121.61593 | Q24: 0.010058884 | R24: 125.04005 | S24: 0.010058884 | T24: 148.99979 | U24: 0.010058884 | V24: 163.31882
B25: 45505 | C25: 25641.025 | D25: -34.424114 | E25: 16.021729 | F25: 2605.4285 | G25: 2149.1545 | H25: -1472.8858 | I25: -4.2142051e-09 | J25: 202.76952 | K25: 0.020041382 | L25: 271.68679 | M25: 0.020041382 | N25: 145.5482 | O25: 0.020041382 | P25: 123.3829 | Q25: 0.020041382 | R25: 125.54359 | S25: 0.020041382 | T25: 137.69283 | U25: 0.020041382 | V25: 160.84685
B26: 45505 | C26: 18390.805 | D26: -47.040843 | E26: 15.426874 | F26: 2932.5306 | G26: 1998.4517 | H26: -2146.1422 | I26: -4.0323749e-09 | J26: 196.96498 | K26: 0.03002348 | L26: 268.574 | M26: 0.03002348 | N26: 139.34999 | O26: 0.03002348 | P26: 124.78371 | Q26: 0.03002348 | R26: 126.66059 | S26: 0.03002348 | T26: 136.29208 | U26: 0.03002348 | V26: 178.70908
B27: 45505 | C27: 13136.289 | D27: -25.833201 | E27: 14.786005 | F27: 2207.6206 | G27: 1987.0052 | H27: -961.97673 | I27: -1.2594556e-08 | J27: 187.70885 | K27: 0.040005978 | L27: 263.90481 | M27: 0.040005978 | N27: 135.17509 | O27: 0.040005978 | P27: 126.10207 | Q27: 0.040005978 | R27: 127.46625 | S27: 0.040005978 | T27: 135.00113 | U27: 0.040005978 | V27: 175.6237
B28: 45505 | C28: 9302.3262 | D28: -0.51603754 | E28: 15.243769 | F28: 2308.0488 | G28: 2307.9552 | H28: -20.787285 | I28: -8.2305867e-07 | J28: 188.33141 | K28: 0.049988076 | L28: 259.51028 | M28: 0.049988076 | N28: 133.76517 | O28: 0.049988076 | P28: 127.53034 | Q28: 0.049988076 | R28: 128.45502 | S28: 0.049988076 | T28: 134.32364 | U28: 0.049988076 | V28: 163.99176
B29: 45505 | C29: 6644.5186 | D29: 11.312264 | E29: 14.694452 | F29: 2855.8581 | G29: 2800.3765 | H29: 560.19382 | I29: 4.275809e-08 | J29: 183.003 | K29: 0.059970174 | L29: 255.02396 | M29: 0.059970174 | N29: 128.9494 | O29: 0.059970174 | P29: 129.0318 | Q29: 0.059970174 | R29: 130.3319 | S29: 0.059970174 | T29: 135.87089 | U29: 0.059970174 | V29: 149.70474
B30: 45505 | C30: 4761.9048 | D30: 14.211788 | E30: 14.328241 | F30: 3385.9131 | G30: 3282.2867 | H30: 831.26477 | I30: 4.020685e-08 | J30: 170.68896 | K30: 0.069952674 | L30: 250.81253 | M30: 0.069952674 | N30: 127.30145 | O30: 0.069952674 | P30: 129.95653 | Q30: 0.069952674 | R30: 131.97985 | S30: 0.069952674 | T30: 137.07027 | U30: 0.069952674 | V30: 151.92952
B31: 45505 | C31: 3401.3606 | D31: 12.294296 | E31: 14.158845 | F31: 3908.1638 | G31: 3818.537 | H31: 832.17747 | I31: 5.6227853e-08 | J31: 161.82652 | K31: 0.079934768 | L31: 244.77005 | M31: 0.079934768 | N31: 125.9922 | O31: 0.079934768 | P31: 130.515 | Q31: 0.079934768 | R31: 133.45389 | S31: 0.079934768 | T31: 138.6816 | U31: 0.079934768 | V31: 158.86016
B32: 45505 | C32: 2433.8301 | D32: 10.107133 | E32: 1.3481355 | F32: 4202.0415 | G32: 4136.8314 | H32: 737.41328 | I32: 8.867862e-08 | J32: 152.28658 | K32: 0.08991687 | L32: 238.26957 | M32: 0.08991687 | N32: 125.43373 | O32: 0.08991687 | P32: 131.07347 | Q32: 0.08991687 | R32: 133.86588 | S32: 0.08991687 | T32: 139.16688 | U32: 0.08991687 | V32: 149.76884
B33: 45505 | C33: 1732.7268 | D33: 7.7340009 | E33: 1.2977791 | F33: 4377.137 | G33: 4337.3204 | H33: 589.04988 | I33: 1.5593298e-07 | J33: 155.40857 | K33: 0.099899366 | L33: 230.02982 | M33: 0.099899366 | N33: 124.59145 | O33: 0.099899366 | P33: 131.12841 | Q33: 0.099899366 | R33: 134.8455 | S33: 0.099899366 | T33: 139.27674 | U33: 0.099899366 | V33: 145.35594
B34: 45505 | C34: 1238.3901 | D34: 5.5875429 | E34: 1.2620735 | F34: 4485.7352 | G34: 4464.4217 | H34: 436.76042 | I34: 2.9425197e-07 | J34: 148.08421 | K34: 0.10988147 | L34: 217.57841 | M34: 0.10988147 | N34: 124.04213 | O34: 0.10988147 | P34: 130.92928 | Q34: 0.10988147 | R34: 135.12015 | S34: 0.10988147 | T34: 139.38661 | U34: 0.10988147 | V34: 142.92974
... B62: 45505 | C62: 0.10000128 | D62: 16.097745 | E62: 0.8381772 | F62: 12584.769 | G62: 12091.321 | H62: 3489.465 | I62: 0.00045609542 | J62: 104.77915 | K62: 0.38938463 | L62: 103.77202 | M62: 0.38938463 | N62: 97.546339 | O62: 0.38938463 | P62: 102.59099 | Q62: 0.38938463 | R62: 99.478149 | S62: 0.38938463 | T62: 99.560547 | U62: 0.38938463 | V62: 99.82605
Y425: Summary of results
Y427: Add in here average values, tables, figures or any result you've got

Sheet Sensor3_30%
D3: Lab-Book
H5: Supervisor: | I5: Johann F. Osma
B8: Experiment Nº: | C8: 13 | H8: Researcher: | I8: =Description!I8 -> Ailin Prado Falla
B9: Title: | C9: EIS for sensor 3 with APAP 15% | H9: Starting Date: | I9: 45503
B11: Description of the experiment
B13: EIS for APAP 30% in sensor 3 using remotly controlled syringe pumps and commercial potentiostat.
B20: Measurement: | L20: Calculation and/or formula:
B21: Date | C21: Description | L21: Date | M21: Description
C22: freq / Hz | D22: neg. Phase / ° | E22: Idc / uA | F22: Z / Ohm | G22: Z' / Ohm | H22: -Z'' / Ohm | I22: Cs / F | M22: Sample 1 | N22: Sample 2 | O22: Sample 3 | P22: Sample 4 | Q22: Sample 5 | R22: Sample 6 | S22: Sample 7 | T22: Sample 8 | U22: Sample 9
B23: 45503 | C23: 50000 | D23: 77.797649 | E23: 13.275146 | F23: 3720.2912 | G23: 786.33899 | H23: 3636.2395 | I23: 8.7538207e-10
B24: 45503 | C24: 35714.285 | D24: -5.2878755 | E24: 11.444092 | F24: 1971.1725 | G24: 1962.7836 | H24: -181.66302 | I24: -2.4530796e-08
B25: 45503 | C25: 25641.025 | D25: -38.095618 | E25: 10.528564 | F25: 2250.8822 | G25: 1771.4043 | H25: -1388.7396 | I25: -4.4695512e-09
B26: 45503 | C26: 18390.805 | D26: -48.11189 | E26: 9.9337101 | F26: 2390.3534 | G26: 1595.9865 | H26: -1779.4988 | I26: -4.8631951e-09
B27: 45503 | C27: 13136.289 | D27: -27.188012 | E27: 9.1097355 | F27: 1822.4863 | G27: 1621.1234 | H27: -832.71554 | I27: -1.454959e-08
B28: 45503 | C28: 9302.3262 | D28: -3.9457087 | E28: 9.292841 | F28: 1887.2684 | G28: 1882.795 | H28: -129.86518 | I28: -1.3174551e-07
B29: 45503 | C29: 6644.5186 | D29: 7.6988277 | E29: 8.2857609 | F29: 2250.289 | G29: 2230.0048 | H29: 301.46201 | I29: 7.945551e-08
B30: 45503 | C30: 4761.9048 | D30: 11.651414 | E30: 7.5531006 | F30: 2597.2363 | G30: 2543.7188 | H30: 524.5297 | I30: 6.3719057e-08
B31: 45503 | C31: 3401.3606 | D31: 11.190142 | E31: 6.9901466 | F31: 2942.9471 | G31: 2886.9974 | H31: 571.12472 | I31: 8.1928782e-08
B32: 45503 | C32: 2433.8301 | D32: 10.286107 | E32: 0.64866066 | F32: 3157.9432 | G32: 3107.1898 | H32: 563.89385 | I32: 1.1596649e-07
B33: 45503 | C33: 1732.7268 | D33: 8.8768741 | E33: 0.60379982 | F33: 3308.9788 | G33: 3269.3446 | H33: 510.61385 | I33: 1.7988603e-07
B34: 45503 | C34: 1238.3901 | D34: 7.4884705 | E34: 0.56443214 | F34: 3422.8565 | G34: 3393.6634 | H34: 446.08954 | I34: 2.8809824e-07
... B62: 45503 | C62: 0.10000128 | D62: 16.638001 | E62: 0.32181263 | F62: 12054.99 | G62: 11550.282 | H62: 3451.6318 | I62: 0.00046109467
L425: Summary of results
L427: Add in here average values, tables, figures or any result you've got

Sheet Sensor3_45%
D3: Lab-Book
H5: Supervisor: | I5: Johann F. Osma
B8: Experiment Nº: | C8: 14 | H8: Researcher: | I8: =Description!I8 -> Ailin Prado Falla
B9: Title: | C9: EIS for sensor 3 with APAP 15% | H9: Starting Date: | I9: 45503
B11: Description of the experiment
B13: EIS for APAP 45% in sensor 3 using remotly controlled syringe pumps and commercial potentiostat.
B20: Measurement: | K20: Calculation and/or formula:
B21: Date | C21: Description | K21: Date | L21: Description
C22: freq / Hz | D22: neg. Phase / ° | E22: Idc / uA | F22: Z / Ohm | G22: Z' / Ohm | H22: -Z'' / Ohm | I22: Cs / F | L22: Sample 1 | M22: Sample 2 | N22: Sample 3 | O22: Sample 4 | P22: Sample 5 | Q22: Sample 6 | R22: Sample 7 | S22: Sample 8 | T22: Sample 9
B23: 45503 | C23: 50000 | D23: -83.686578 | E23: 104.83026 | F23: 1915.4906 | G23: 210.64103 | H23: -1903.8736 | I23: -1.6719066e-09
B24: 45503 | C24: 35714.285 | D24: -23.875831 | E24: 100.25262 | F24: 1248.418 | G24: 1141.5844 | H24: -505.30455 | I24: -8.8191141e-09
B25: 45503 | C25: 25641.025 | D25: -34.820886 | E25: 97.506042 | F25: 994.15989 | G25: 816.14673 | H25: -567.67808 | I25: -1.0934089e-08
B26: 45503 | C26: 18390.805 | D26: -18.711983 | E26: 95.811371 | F26: 967.979 | G26: 916.81472 | H26: -310.5384 | I26: -2.786789e-08
B27: 45503 | C27: 13136.289 | D27: 0.33503235 | E27: 92.42392 | F27: 1049.7928 | G27: 1049.7749 | H27: 6.1385421 | I27: 1.9737048e-06
B28: 45503 | C28: 9302.3262 | D28: 10.323066 | E28: 92.057709 | F28: 1252.2958 | G28: 1232.0249 | H28: 224.40926 | I28: 7.624086e-08
B29: 45503 | C29: 6644.5186 | D29: 14.848006 | E29: 84.275482 | F29: 1485.8175 | G29: 1436.2046 | H29: 380.74924 | I29: 6.2909693e-08
B30: 45503 | C30: 4761.9048 | D30: 17.040022 | E30: 80.247162 | F30: 1721.6162 | G30: 1646.0377 | H30: 504.50178 | I30: 6.6248603e-08
B31: 45503 | C31: 3401.3606 | D31: 18.096541 | E31: 78.677032 | F31: 1932.3511 | G31: 1836.7663 | H31: 600.22503 | I31: 7.7956684e-08
B32: 45503 | C32: 2433.8301 | D32: 17.990101 | E32: 80.407402 | F32: 2099.6219 | G32: 1996.9711 | H32: 648.47384 | I32: 1.0084106e-07
B33: 45503 | C33: 1732.7268 | D33: 17.708159 | E33: 77.798126 | F33: 2317.1692 | G33: 2207.3775 | H33: 704.81038 | I33: 1.30322e-07
B34: 45503 | C34: 1238.3901 | D34: 16.576863 | E34: 74.282455 | F34: 2541.0358 | G34: 2435.4249 | H34: 724.96097 | I34: 1.7727521e-07
... B62: 45503 | C62: 0.10000128 | D62: 13.478135 | E62: 13.118334 | F62: 8064.6179 | G62: 7842.5097 | H62: 1879.655 | I62: 0.00084671336
K64: Summary of results
K66: Add in here average values, tables, figures or any result you've got

Sheet Sensor3_60%
D3: Lab-Book
H5: Supervisor: | I5: Johann F. Osma
B8: Experiment Nº: | C8: 15 | H8: Researcher: | I8: =Description!I8 -> Ailin Prado Falla
B9: Title: | C9: EIS for sensor 3 with APAP 15% | H9: Starting Date: | I9: 45504
B11: Description of the experiment
B13: EIS for APAP 60% in sensor 3 using remotly controlled syringe pumps and commercial potentiostat.
B20: Measurement: | K20: Calculation and/or formula:
B21: Date | C21: Description | K21: Date | L21: Description
C22: freq / Hz | D22: neg. Phase / ° | E22: Idc / uA | F22: Z / Ohm | G22: Z' / Ohm | H22: -Z'' / Ohm | I22: Cs / F | L22: Sample 1 | M22: Sample 2 | N22: Sample 3 | O22: Sample 4 | P22: Sample 5 | Q22: Sample 6 | R22: Sample 7 | S22: Sample 8 | T22: Sample 9
B23: 45504 | C23: 50000 | D23: -54.280643 | E23: 2.2888184 | F23: 1302.6033 | G23: 760.48003 | H23: -1057.5658 | I23: -3.0098353e-09
B24: 45504 | C24: 35714.285 | D24: -12.168528 | E24: 2.2888184 | F24: 819.67297 | G24: 801.25642 | H24: -172.77713 | I24: -2.5792409e-08
B25: 45504 | C25: 25641.025 | D25: -12.569094 | E25: 2.2888184 | F25: 806.2533 | G25: 786.93087 | H25: -175.45425 | I25: -3.5376988e-08
B26: 45504 | C26: 18390.805 | D26: -0.72370388 | E26: 2.3345947 | F26: 917.31258 | G26: 917.23941 | H26: -11.586281 | I26: -7.4692213e-07
B27: 45504 | C27: 13136.289 | D27: 11.772228 | E27: 2.3345947 | F27: 975.35667 | G27: 954.8414 | H27: 198.99378 | I27: 6.0884665e-08
B28: 45504 | C28: 9302.3262 | D28: 21.827864 | E28: 2.6092529 | F28: 1121.3617 | G28: 1040.9658 | H28: 416.94394 | I28: 4.1034666e-08
B29: 45504 | C29: 6644.5186 | D29: 28.393201 | E29: 2.5177002 | F29: 1339.2281 | G29: 1178.1257 | H29: 636.82952 | I29: 3.7612606e-08
B30: 45504 | C30: 4761.9048 | D30: 31.01931 | E30: 2.4261475 | F30: 1606.7979 | G30: 1377.0156 | H30: 828.0262 | I30: 4.0364107e-08
B31: 45504 | C31: 3401.3606 | D31: 30.867996 | E31: 2.3758411 | F31: 1941.6358 | G31: 1666.6063 | H31: 996.17934 | I31: 4.6971013e-08
B32: 45504 | C32: 2433.8301 | D32: 28.151487 | E32: 2.3391962 | F32: 2256.2263 | G32: 1989.3221 | H32: 1064.4975 | I32: 6.1430668e-08
B33: 45504 | C33: 1732.7268 | D33: 24.777917 | E33: 2.3025751 | F33: 2519.1988 | G33: 2287.279 | H33: 1055.8017 | I33: 8.6997682e-08
B34: 45504 | C34: 1238.3901 | D34: 21.800761 | E34: 0.22842646 | F34: 2737.5061 | G34: 2541.7221 | H34: 1016.6555 | I34: 1.2641216e-07
... B62: 45504 | C62: 0.10000128 | D62: -10.9462 | E62: 1.1842537 | F62: 10458.421 | G62: 10268.14 | H62: -1985.9201 | I62: -0.00080140636
K64: Summary of results
K66: Add in here average values, tables, figures or any result you've got

Sheet Sensor4_0%
D3: Lab-Book
H5: Supervisor: | I5: Johann F. Osma
B8: Experiment Nº: | C8: 16 | H8: Researcher: | I8: =Description!I8 -> Ailin Prado Falla
B9: Title: | C9: EIS for sensor 4 with APAP 15% | H9: Starting Date: | I9: 45506
B11: Description of the experiment
B13: EIS for APAP 0% in sensor 4 using remotly controlled syringe pumps and commercial potentiostat.
B20: Measurement: | N20: Calculation and/or formula:
B21: Date | C21: Description | N21: Date | O21: Description
C22: freq / Hz | D22: neg. Phase / ° | E22: Idc / uA | F22: Z / Ohm | G22: Z' / Ohm | H22: -Z'' / Ohm | I22: Cs / F | O22: Sample 1 | P22: Sample 2 | Q22: Sample 3 | R22: Sample 4 | S22: Sample 5 | T22: Sample 6 | U22: Sample 7 | V22: Sample 8 | W22: Sample 9
B23: 45506 | C23: 50000 | D23: 61.00556 | E23: 5.9509277 | F23: 4865.1488 | G23: 2358.258 | H23: 4255.3839 | I23: 7.4801685e-10
B24: 45506 | C24: 35714.285 | D24: 13.712262 | E24: 5.9509277 | F24: 2353.2823 | G24: 2286.21 | H24: 557.83631 | I24: 7.9886132e-09
B25: 45506 | C25: 25641.025 | D25: -13.447514 | E25: 6.8664551 | F25: 4007.2737 | G25: 3897.4077 | H25: -931.90966 | I25: -6.6605628e-09
B26: 45506 | C26: 18390.805 | D26: -45.093852 | E26: 6.4544678 | F26: 12408.528 | G26: 8759.7704 | H26: -8788.5149 | I26: -9.8469993e-10
B27: 45506 | C27: 13136.289 | D27: -35.1765 | E27: 6.5460205 | F27: 8399.3641 | G27: 6865.4827 | H27: -4838.8494 | I27: -2.5038328e-09
B28: 45506 | C28: 9302.3262 | D28: -9.1848775 | E28: 6.9122314 | F28: 6432.1066 | G28: 6349.6369 | H28: -1026.697 | I28: -1.666427e-08
B29: 45506 | C29: 6644.5186 | D29: 22.716225 | E29: 7.0037842 | F29: 7057.9586 | G29: 6510.464 | H29: 2725.5526 | I29: 8.7882427e-09
B30: 45506 | C30: 4761.9048 | D30: 39.23465 | E30: 7.0953369 | F30: 9607.8127 | G30: 7441.8478 | H30: 6076.9207 | I30: 5.4999134e-09
B31: 45506 | C31: 3401.3606 | D31: 41.836223 | E31: 7.2922945 | F31: 15130.354 | G31: 11272.937 | H31: 10092.001 | I31: 4.6364991e-09
B32: 45506 | C32: 2433.8301 | D32: 40.019251 | E32: 0.75303316 | F32: 19911.651 | G32: 15248.908 | H32: 12804.087 | I32: 5.1071812e-09
B33: 45506 | C33: 1732.7268 | D33: 36.560831 | E33: 0.77225924 | F33: 23986.253 | G33: 19266.355 | H33: 14288.033 | I33: 6.4286177e-09
B34: 45506 | C34: 1238.3901 | D34: 32.662969 | E34: 0.79240084 | F34: 27787.346 | G34: 23393.048 | H34: 14996.728 | I34: 8.5697099e-09
... B62: 45506 | C62: 0.10000128 | D62: -4.442631 | E62: 1.8613415 | F62: 11444.023 | G62: 11409.638 | H62: -886.46394 | I62: -0.001795368
N64: Summary of results
N66: Add in here average values, tables, figures or any result you've got

Sheet Sensor4_15%
D3: Lab-Book
H5: Supervisor: | I5: Johann F. Osma
B8: Experiment Nº: | C8: 17 | H8: Researcher: | I8: =Description!I8 -> Ailin Prado Falla
B9: Title: | C9: EIS for sensor 4 with APAP 15% | H9: Starting Date: | I9: 45505
B11: Description of the experiment
B13: EIS for APAP 15% in sensor 4 using remotly controlled syringe pumps and commercial potentiostat.
B20: Measurement: | L20: Calculation and/or formula:
B21: Date | C21: Description | L21: Date | M21: Description
C22: freq / Hz | D22: neg. Phase / ° | E22: Idc / uA | F22: Z / Ohm | G22: Z' / Ohm | H22: -Z'' / Ohm | I22: Cs / F | M22: Sample 1 | N22: Sample 2 | O22: Sample 3 | P22: Sample 4 | Q22: Sample 5 | R22: Sample 6 | S22: Sample 7 | T22: Sample 8 | U22: Sample 9
B23: 45505 | C23: 50000 | D23: 62.787803 | E23: 13.275146 | F23: 4105.5071 | G23: 1877.3961 | H23: 3651.1057 | I23: 8.7181778e-10
B24: 45505 | C24: 35714.285 | D24: 9.0169978 | E24: 13.275146 | F24: 2359.4136 | G24: 2330.2558 | H24: 369.78494 | I24: 1.2051163e-08
B25: 45505 | C25: 25641.025 | D25: -21.720334 | E25: 14.190674 | F25: 3856.0478 | G25: 3582.2733 | H25: -1427.0326 | I25: -4.3496154e-09
B26: 45505 | C26: 18390.805 | D26: -47.711706 | E26: 13.96203 | F26: 7579.7566 | G26: 5100.1255 | H26: -5607.2658 | I26: -1.5433636e-09
B27: 45505 | C27: 13136.289 | D27: -28.698475 | E27: 14.053583 | F27: 4920.8718 | G27: 4316.3867 | H27: -2363.0034 | I27: -5.1272335e-09
B28: 45505 | C28: 9302.3262 | D28: 9.7042406 | E28: 14.511347 | F28: 4601.4524 | G28: 4535.6102 | H28: 775.63156 | I28: 2.2058354e-08
B29: 45505 | C29: 6644.5186 | D29: 31.426127 | E29: 14.6029 | F29: 6551.2097 | G29: 5590.2332 | H29: 3415.7929 | I29: 7.0123743e-09
B30: 45505 | C30: 4761.9048 | D30: 36.929681 | E30: 14.6029 | F30: 8814.9023 | G30: 7046.3994 | H30: 5296.2965 | I30: 6.3105488e-09
B31: 45505 | C31: 3401.3606 | D31: 34.127145 | E31: 14.67154 | F31: 12557.456 | G31: 10394.994 | H31: 7045.125 | I31: 6.6416923e-09
B32: 45505 | C32: 2433.8301 | D32: 30.052782 | E32: 1.4598298 | F32: 15200.416 | G32: 13156.94 | H32: 7612.3319 | I32: 8.5903758e-09
B33: 45505 | C33: 1732.7268 | D33: 25.780996 | E33: 1.4570832 | F33: 17201.597 | G33: 15489.403 | H33: 7481.5328 | I33: 1.2277203e-08
B34: 45505 | C34: 1238.3901 | D34: 21.525627 | E34: 1.4579988 | F34: 18940.938 | G34: 17619.875 | H34: 6949.7588 | I34: 1.8492385e-08
... B62: 45505 | C62: 0.10000128 | D62: -3.8255029 | E62: 1.6213779 | F62: 12878.391 | G62: 12849.696 | H62: -859.22081 | I62: -0.0018522934
L64: Summary of results
L66: Add in here average values, tables, figures or any result you've got

Sheet Sensor4_30%
D3: Lab-Book
H5: Supervisor: | I5: Johann F. Osma
B8: Experiment Nº: | C8: 18 | H8: Researcher: | I8: =Description!I8 -> Ailin Prado Falla
B9: Title: | C9: EIS for sensor 4 with APAP 15% | H9: Starting Date: | I9: 45505
B11: Description of the experiment
B13: EIS for APAP 30% in sensor 4 using remotly controlled syringe pumps and commercial potentiostat.
B20: Measurement: | L20: Calculation and/or formula:
B21: Date | C21: Description | L21: Date | M21: Description
C22: freq / Hz | D22: neg. Phase / ° | E22: Idc / uA | F22: Z / Ohm | G22: Z' / Ohm | H22: -Z'' / Ohm | I22: Cs / F | M22: Sample 1 | N22: Sample 2 | O22: Sample 3 | P22: Sample 4 | Q22: Sample 5 | R22: Sample 6 | S22: Sample 7 | T22: Sample 8 | U22: Sample 9
B23: 45505 | C23: 50000 | D23: 89.583637 | E23: 6.8664551 | F23: 3237.9367 | G23: 23.529581 | H23: 3237.8512 | I23: 9.8308991e-10
B24: 45505 | C24: 35714.285 | D24: -6.6487722 | E24: 6.8664551 | F24: 1622.7715 | G24: 1611.8577 | H24: -187.88887 | I24: -2.3717948e-08
B25: 45505 | C25: 25641.025 | D25: -21.330496 | E25: 6.8664551 | F25: 1627.0893 | G25: 1515.63 | H25: -591.84897 | I25: -1.0487545e-08
B26: 45505 | C26: 18390.805 | D26: -4.1385352 | E26: 7.5531006 | F26: 2020.1747 | G26: 2014.907 | H26: -145.79252 | I26: -5.935867e-08
B27: 45505 | C27: 13136.289 | D27: 18.405539 | E27: 7.9195499 | F27: 2229.6153 | G27: 2115.5604 | H27: 703.98044 | I27: 1.7210237e-08
B28: 45505 | C28: 9302.3262 | D28: 34.836173 | E28: 8.5604191 | F28: 2749.4497 | G28: 2256.7173 | H28: 1570.5733 | I28: 1.0893573e-08
B29: 45505 | C29: 6644.5186 | D29: 45.965449 | E29: 8.92663 | F29: 3576.4817 | G29: 2485.9839 | H29: 2571.207 | I29: 9.3157876e-09
B30: 45505 | C30: 4761.9048 | D30: 52.03628 | E30: 9.2012882 | F30: 4659.9074 | G30: 2866.5997 | H30: 3673.873 | I30: 9.0973579e-09
B31: 45505 | C31: 3401.3606 | D31: 54.641653 | E31: 9.7093105 | F31: 6533.1369 | G31: 3780.6508 | H31: 5328.0914 | I31: 8.7820477e-09
B32: 45505 | C32: 2433.8301 | D32: 53.457352 | E32: 1.056993 | F32: 8624.096 | G32: 5134.9676 | H32: 6928.7185 | I32: 9.4379345e-09
B33: 45505 | C33: 1732.7268 | D33: 48.961958 | E33: 1.1540389 | F33: 10910.308 | G33: 7163.2718 | H33: 8229.36 | I33: 1.1161536e-08
B34: 45505 | C34: 1238.3901 | D34: 42.622672 | E34: 1.2877083 | F34: 13161.355 | G34: 9684.5089 | H34: 8912.4376 | I34: 1.4420029e-08
... B62: 45505 | C62: 0.10000128 | D62: -2.9641328 | E62: 5.8205532 | F62: 3055.2347 | G62: 3051.1471 | H62: -157.98864 | I62: -0.010073693
L64: Summary of results
L66: Add in here average values, tables, figures or any result you've got

Sheet Sensor4_45%
D3: Lab-Book
H5: Supervisor: | I5: Johann F. Osma
B8: Experiment Nº: | C8: 19 | H8: Researcher: | I8: =Description!I8 -> Ailin Prado Falla
B9: Title: | C9: EIS for sensor 4 with APAP 15% | H9: Starting Date: | I9: 45505
B11: Description of the experiment
B13: EIS for APAP 45% in sensor 4 using remotly controlled syringe pumps and commercial potentiostat.
B20: Measurement: | K20: Calculation and/or formula:
B21: Date | C21: Description | K21: Date | L21: Description
C22: freq / Hz | D22: neg. Phase / ° | E22: Idc / uA | F22: Z / Ohm | G22: Z' / Ohm | H22: -Z'' / Ohm | I22: Cs / F | L22: Sample 1 | M22: Sample 2 | N22: Sample 3 | O22: Sample 4 | P22: Sample 5 | Q22: Sample 6 | R22: Sample 7 | S22: Sample 8 | T22: Sample 9
B23: 45505 | C23: 50000 | D23: 89.583637 | E23: 20.599365 | F23: 3237.9367 | G23: 23.529581 | H23: 3237.8512 | I23: 9.8308991e-10
B24: 45505 | C24: 35714.285 | D24: -7.3703803 | E24: 21.514893 | F24: 1624.9007 | G24: 1611.4751 | H24: -208.44701 | I24: -2.1378759e-08
B25: 45505 | C25: 25641.025 | D25: -19.987939 | E25: 21.514893 | F25: 1666.4865 | G25: 1566.1051 | H25: -569.64231 | I25: -1.0896387e-08
B26: 45505 | C26: 18390.805 | D26: 0.014988749 | E26: 22.842646 | F26: 2364.2785 | G26: 2364.2784 | H26: 0.61850238 | I26: 1.3991943e-05
B27: 45505 | C27: 13136.289 | D27: 15.864239 | E27: 23.391962 | F27: 2853.4864 | G27: 2744.8031 | H27: 780.02591 | I27: 1.5532394e-08
B28: 45505 | C28: 9302.3262 | D28: 25.590007 | E28: 24.216175 | F28: 3494.1391 | G28: 3151.3916 | H28: 1509.2181 | I28: 1.1336437e-08
B29: 45505 | C29: 6644.5186 | D29: 29.473816 | E29: 24.582386 | F29: 4328.714 | G29: 3768.4946 | H29: 2129.8388 | I29: 1.1246306e-08
B30: 45505 | C30: 4761.9048 | D30: 29.650237 | E30: 24.948597 | F30: 5110.8091 | G30: 4441.6075 | H30: 2528.338 | I30: 1.3219173e-08
B31: 45505 | C31: 3401.3606 | D31: 26.252575 | E31: 25.246048 | F31: 6238.1376 | G31: 5594.6916 | H31: 2759.3092 | I31: 1.6957706e-08
B32: 45505 | C32: 2433.8301 | D32: 21.838609 | E32: 25.529861 | F32: 7070.813 | G32: 6563.3787 | H32: 2630.2959 | I32: 2.4861382e-08
B33: 45505 | C33: 1732.7268 | D33: 17.487351 | E33: 25.667191 | F33: 7505.8697 | G33: 7158.9732 | H33: 2255.4781 | I33: 4.0724093e-08
B34: 45505 | C34: 1238.3901 | D34: 13.727938 | E34: 25.859474 | F34: 7825.9002 | G34: 7602.3418 | H34: 1857.1788 | I34: 6.920045e-08
... B62: 45505 | C62: 0.10000128 | D62: 2.0442827 | E62: 33.907082 | F62: 6657.8004 | G62: 6653.563 | H62: 237.49636 | I62: 0.0067012776
K64: Summary of results
K66: Add in here average values, tables, figures or any result you've got

Sheet Sensor4_60%
D3: Lab-Book
H5: Supervisor: | I5: Johann F. Osma
B8: Experiment Nº: | C8: 20 | H8: Researcher: | I8: =Description!I8 -> Ailin Prado Falla
B9: Title: | C9: EIS for sensor 4 with APAP 15% | H9: Starting Date: | I9: 45504
B11: Description of the experiment
B13: EIS for APAP 60% in sensor 4 using remotly controlled syringe pumps and commercial potentiostat.
B20: Measurement: | K20: Calculation and/or formula:
B21: Date | C21: Description | K21: Date | L21: Description
C22: freq / Hz | D22: neg. Phase / ° | E22: Idc / uA | F22: Z / Ohm | G22: Z' / Ohm | H22: -Z'' / Ohm | I22: Cs / F | L22: Sample 1 | M22: Sample 2 | N22: Sample 3 | O22: Sample 4 | P22: Sample 5 | Q22: Sample 6 | R22: Sample 7 | S22: Sample 8 | T22: Sample 9
B23: 45504 | C23: 50000 | D23: -72.869363 | E23: 6.8664551 | F23: 2274.5481 | G23: 669.97123 | H23: -2173.6392 | I23: -1.4644099e-09
B24: 45504 | C24: 35714.285 | D24: -9.5932236 | E24: 6.8664551 | F24: 1199.9274 | G24: 1183.1473 | H24: -199.97046 | I24: -2.2284984e-08
B25: 45504 | C25: 25641.025 | D25: -11.027468 | E25: 6.8664551 | F25: 1229.2614 | G25: 1206.5638 | H25: -235.13259 | I25: -2.6398054e-08
B26: 45504 | C26: 18390.805 | D26: 7.1474017 | E26: 7.2784424 | F26: 1637.3187 | G26: 1624.5956 | H26: 203.71913 | I26: 4.2480301e-08
B27: 45504 | C27: 13136.289 | D27: 21.708195 | E27: 7.3699951 | F27: 1897.7167 | G27: 1763.1301 | H27: 701.9268 | I27: 1.7260589e-08
B28: 45504 | C28: 9302.3262 | D28: 32.616461 | E28: 7.7362061 | F28: 2310.9641 | G28: 1946.5195 | H28: 1245.6392 | I28: 1.3735241e-08
B29: 45504 | C29: 6644.5186 | D29: 39.379175 | E29: 7.8277588 | F29: 2928.3191 | G29: 2263.4859 | H29: 1857.8709 | I29: 1.2892617e-08
B30: 45504 | C30: 4761.9048 | D30: 41.502503 | E30: 7.9195499 | F30: 3666.0414 | G30: 2745.5965 | H30: 2429.3125 | I30: 1.3758023e-08
B31: 45504 | C31: 3401.3606 | D31: 40.708249 | E31: 7.9423189 | F31: 4758.5974 | G31: 3607.2093 | H31: 3103.5931 | I31: 1.5076575e-08
B32: 45504 | C32: 2433.8301 | D32: 37.712537 | E32: 0.797894 | F32: 5752.0544 | G32: 4550.391 | H32: 3518.5325 | I32: 1.8585246e-08
B33: 45504 | C33: 1732.7268 | D33: 33.248885 | E33: 0.80979586 | F33: 6685.7214 | G33: 5591.2476 | H33: 3665.627 | I33: 2.5057733e-08
B34: 45504 | C34: 1238.3901 | D34: 28.658704 | E34: 0.81620455 | F34: 7508.1268 | G34: 6588.3217 | H34: 3600.8313 | I34: 3.5691095e-08
... B62: 45504 | C62: 0.10000128 | D62: -4.3973112 | E62: 0.74754 | F62: 25500.038 | G62: 25424.975 | H62: -1955.145 | I62: -0.00081402097
K64: Summary of results
K66: Add in here average values, tables, figures or any result you've got

Sheet Biosensor1_0%
D3: Lab-Book
H5: Supervisor: | I5: Johann F. Osma
B8: Experiment Nº: | C8: 21 | H8: Researcher: | I8: =Description!I8 -> Ailin Prado Falla
B9: Title: | C9: EIS for biosensor 1 with APAP 15% | H9: Starting Date: | I9: 45628
B11: Description of the experiment
B13: EIS for APAP 0% in biosensor 1 using remotly controlled syringe pumps and commercial potentiostat.
B20: Measurement: | N20: Calculation and/or formula:
B21: Date | C21: Description | N21: Date | O21: Description
C22: freq / Hz | D22: neg. Phase / ° | E22: Idc / uA | F22: Z / Ohm | G22: Z' / Ohm | H22: -Z'' / Ohm | I22: Cs / F | O22: Sample 1 | P22: Sample 2 | Q22: Sample 3 | R22: Sample 4 | S22: Sample 5 | T22: Sample 6 | U22: Sample 7 | V22: Sample 8 | W22: Sample 9
B23: 45628 | C23: 50000 | D23: 59.975549 | E23: 1.373291 | F23: 4422.7052 | G23: 2212.9869 | H23: 3829.2311 | I23: 8.312632e-10
B24: 45628 | C24: 35714.285 | D24: 12.878795 | E24: 1.373291 | F24: 2456.3296 | G24: 2394.5376 | H24: 547.48968 | I24: 8.1395844e-09
B25: 45628 | C25: 25641.025 | D25: -10.100397 | E25: 1.373291 | F25: 4315.2629 | G25: 4248.3848 | H25: -756.78295 | I25: -8.2018799e-09
B26: 45628 | C26: 18390.805 | D26: -45.844059 | E26: 1.3275146 | F26: 14005.39 | G26: 9756.3457 | H26: -10048.118 | I26: -8.6126076e-10
B27: 45628 | C27: 13136.289 | D27: -26.54099 | E27: 1.3275146 | F27: 9331.0765 | G27: 8347.7203 | H27: -4169.4791 | I27: -2.9057995e-09
B28: 45628 | C28: 9302.3262 | D28: 19.430567 | E28: 1.3275146 | F28: 9015.9376 | G28: 8502.4377 | H28: 2999.2804 | I28: 5.7044201e-09
B29: 45628 | C29: 6644.5186 | D29: 46.926754 | E29: 1.3275146 | F29: 13957.568 | G29: 9532.0803 | H29: 10195.742 | I29: 2.3492963e-09
B30: 45628 | C30: 4761.9048 | D30: 51.463532 | E30: 1.3275146 | F30: 19696.945 | G30: 12271.445 | H30: 15407.182 | I30: 2.169283e-09
B31: 45628 | C31: 3401.3606 | D31: 48.37169 | E31: 1.3778925 | F31: 35597.898 | G31: 23647.528 | H31: 26608.359 | I31: 1.7585283e-09
B32: 45628 | C32: 2433.8301 | D32: 41.829671 | E32: 0.13870478 | F32: 47003.927 | G32: 35024.071 | H32: 31347.785 | I32: 2.0860418e-09
B33: 45628 | C33: 1732.7268 | D33: 35.888175 | E33: 0.1396203 | F33: 54771.783 | G33: 44374.053 | H33: 32107.502 | I33: 2.8607738e-09
B34: 45628 | C34: 1238.3901 | D34: 30.782003 | E34: 0.14053583 | F34: 60938.303 | G34: 52353.357 | H34: 31186.58 | I34: 4.1209268e-09
... B62: 45628 | C62: 0.10000128 | D62: -7.6592814 | E62: 0.16237116 | F62: 107983.57 | G62: 107020.16 | H62: -14392.254 | I62: -0.00011058233
N184: Summary of results
N186: Add in here average values, tables, figures or any result you've got

Sheet Biosensor1_15%
D3: Lab-Book
H5: Supervisor: | I5: Johann F. Osma
B8: Experiment Nº: | C8: 22 | H8: Researcher: | I8: =Description!I8 -> Ailin Prado Falla
B9: Title: | C9: EIS for biosensor 1 with APAP 15% | H9: Starting Date: | I9: 45628
B11: Description of the experiment
B13: EIS for APAP 15% in biosensor 1 using remotly controlled syringe pumps and commercial potentiostat.
B20: Measurement: | N20: Calculation and/or formula:
B21: Date | C21: Description | N21: Date | O21: Description
C22: freq / Hz | D22: neg. Phase / ° | E22: Idc / uA | F22: Z / Ohm | G22: Z' / Ohm | H22: -Z'' / Ohm | I22: Cs / F | O22: Sample 1 | P22: Sample 2 | Q22: Sample 3 | R22: Sample 4 | S22: Sample 5 | T22: Sample 6 | U22: Sample 7 | V22: Sample 8 | W22: Sample 9
B23: 45628 | C23: 50000 | D23: 69.070791 | E23: 8.6975098 | F23: 4361.7888 | G23: 1558.0929 | H23: 4074.0089 | I23: 7.8131859e-10
B24: 45628 | C24: 35714.285 | D24: 0.93971355 | E24: 9.6130371 | F24: 2122.6399 | G24: 2122.3544 | H24: 34.812058 | I24: 1.2801135e-07
B25: 45628 | C25: 25641.025 | D25: -25.925645 | E25: 9.6130371 | F25: 2653.695 | G25: 2386.6329 | H25: -1160.2071 | I25: -5.349944e-09
B26: 45628 | C26: 18390.805 | D26: -32.093636 | E26: 9.1097355 | F26: 3456.5731 | G26: 2928.3428 | H26: -1836.4928 | I26: -4.7122701e-09
B27: 45628 | C27: 13136.289 | D27: -5.3291372 | E27: 9.9337101 | F27: 2976.8881 | G27: 2964.0208 | H27: -276.48426 | I27: -4.3820469e-08
B28: 45628 | C28: 9302.3262 | D28: 18.087584 | E28: 10.391474 | F28: 3514.6356 | G28: 3340.953 | H28: 1091.1905 | I28: 1.5679348e-08
B29: 45628 | C29: 6644.5186 | D29: 29.145544 | E29: 10.757685 | F29: 4526.1891 | G29: 3953.1073 | H29: 2204.3889 | I29: 1.0865968e-08
B30: 45628 | C30: 4761.9048 | D30: 33.10321 | E30: 11.123896 | F30: 5492.5017 | G30: 4601.0034 | H30: 2999.7237 | I30: 1.1141872e-08
B31: 45628 | C31: 3401.3606 | D31: 33.725611 | E31: 12.346077 | F31: 6848.24 | G31: 5695.7225 | H31: 3802.2542 | I31: 1.2306266e-08
B32: 45628 | C32: 2433.8301 | D32: 34.621521 | E32: 1.2584114 | F32: 7892.6428 | G32: 6495.0375 | H32: 4484.2278 | I32: 1.4582843e-08
B33: 45628 | C33: 1732.7268 | D33: 35.783501 | E33: 1.3865876 | F33: 8987.3198 | G33: 7290.8035 | H33: 5255.1024 | I33: 1.7478689e-08
B34: 45628 | C34: 1238.3901 | D34: 37.346882 | E34: 1.4424348 | F34: 10397.874 | G34: 8266.0746 | H34: 6307.757 | I34: 2.0374534e-08
... B62: 45628 | C62: 0.10000128 | D62: 0.29783867 | E62: 1.9523907 | F62: 12058.915 | G62: 12058.752 | H62: 62.685158 | I62: 0.025389248
N184: Summary of results
N186: Add in here average values, tables, figures or any result you've got

Sheet Biosensor1_30%
D3: Lab-Book
H5: Supervisor: | I5: Johann F. Osma
B8: Experiment Nº: | C8: 23 | H8: Researcher: | I8: =Description!I8 -> Ailin Prado Falla
B9: Title: | C9: EIS for biosensor 1 with APAP 15% | H9: Starting Date: | I9: 45628
B11: Description of the experiment
B13: EIS for APAP 30% in biosensor 1 using remotly controlled syringe pumps and commercial potentiostat.
B20: Measurement: | N20: Calculation and/or formula:
B21: Date | C21: Description | N21: Date | O21: Description
C22: freq / Hz | D22: neg. Phase / ° | E22: Idc / uA | F22: Z / Ohm | G22: Z' / Ohm | H22: -Z'' / Ohm | I22: Cs / F | O22: Sample 1 | P22: Sample 2 | Q22: Sample 3 | R22: Sample 4 | S22: Sample 5 | T22: Sample 6 | U22: Sample 7 | V22: Sample 8 | W22: Sample 9
B23: 45628 | C23: 50000 | D23: 61.00556 | E23: 3.2043457 | F23: 4865.1488 | G23: 2358.258 | H23: 4255.3839 | I23: 7.4801685e-10
B24: 45628 | C24: 35714.285 | D24: 11.399149 | E24: 4.119873 | F24: 2399.0625 | G24: 2351.7388 | H24: 474.15739 | I24: 9.3984372e-09
B25: 45628 | C25: 25641.025 | D25: -17.43426 | E25: 3.2043457 | F25: 3776.8982 | G25: 3603.3926 | H25: -1131.6015 | I25: -5.4851844e-09
B26: 45628 | C26: 18390.805 | D26: -19.774541 | E26: 3.7078857 | F26: 7400.1181 | G26: 6963.742 | H26: -2503.6066 | I26: -3.4566334e-09
B27: 45628 | C27: 13136.289 | D27: 13.529768 | E27: 3.7078857 | F27: 7939.9104 | G27: 7719.566 | H27: 1857.5462 | I27: 6.5224057e-09
B28: 45628 | C28: 9302.3262 | D28: 31.8173 | E28: 3.7994385 | F28: 10301.812 | G28: 8753.7954 | H28: 5431.2431 | I28: 3.1501362e-09
B29: 45628 | C29: 6644.5186 | D29: 41.229298 | E29: 3.7078857 | F29: 14564.93 | G29: 10953.964 | H29: 9599.3688 | I29: 2.4952493e-09
B30: 45628 | C30: 4761.9048 | D30: 41.749183 | E30: 3.7994385 | F30: 18217.085 | G30: 13591.163 | H30: 12130.229 | I30: 2.7553097e-09
B31: 45628 | C31: 3401.3606 | D31: 33.297315 | E31: 3.8864613 | F31: 27299.945 | G31: 22818.198 | H31: 14987.224 | I31: 3.1220961e-09
B32: 45628 | C32: 2433.8301 | D32: 27.493503 | E32: 0.38498402 | F32: 31372.617 | G32: 27829.493 | H32: 14483.106 | I32: 4.5151081e-09
B33: 45628 | C33: 1732.7268 | D33: 24.485006 | E33: 0.39963484 | F33: 33195.648 | G33: 30210.355 | H33: 13758.105 | I33: 6.6762318e-09
B34: 45628 | C34: 1238.3901 | D34: 22.724876 | E34: 0.405128 | F34: 35406.872 | G34: 32658.252 | H34: 13677.906 | I34: 9.3960004e-09
... B62: 45628 | C62: 0.10000128 | D62: -23.908113 | E62: 0.44792867 | F62: 101600.14 | G62: 92882.497 | H62: -41175.593 | I62: -3.8652243e-05
N184: Summary of results
N186: Add in here average values, tables, figures or any result you've got

Sheet Biosensor1_45%
D3: Lab-Book
H5: Supervisor: | I5: Johann F. Osma
B8: Experiment Nº: | C8: 24 | H8: Researcher: | I8: =Description!I8 -> Ailin Prado Falla
B9: Title: | C9: EIS for biosensor 1 with APAP 15% | H9: Starting Date: | I9: 45628
B11: Description of the experiment
B13: EIS for APAP 45% in biosensor 1 using remotly controlled syringe pumps and commercial potentiostat.
B20: Measurement: | N20: Calculation and/or formula:
B21: Date | C21: Description | N21: Date | O21: Description
C22: freq / Hz | D22: neg. Phase / ° | E22: Idc / uA | F22: Z / Ohm | G22: Z' / Ohm | H22: -Z'' / Ohm | I22: Cs / F | O22: Sample 1 | P22: Sample 2 | Q22: Sample 3 | R22: Sample 4 | S22: Sample 5 | T22: Sample 6 | U22: Sample 7 | V22: Sample 8 | W22: Sample 9
B23: 45628 | C23: 50000 | D23: 65.218685 | E23: 12.359619 | F23: 3823.3278 | G23: 1602.5709 | H23: 3471.2537 | I23: 9.1698826e-10
B24: 45628 | C24: 35714.285 | D24: 5.7876261 | E24: 12.359619 | F24: 2299.1664 | G24: 2287.4464 | H24: 231.85124 | I24: 1.922068e-08
B25: 45628 | C25: 25641.025 | D25: -26.662385 | E25: 13.275146 | F25: 3459.1884 | G25: 3091.3596 | H25: -1552.2499 | I25: -3.9987395e-09
B26: 45628 | C26: 18390.805 | D26: -51.50528 | E26: 13.138056 | F26: 5129.7944 | G26: 3193.0021 | H26: -4014.9132 | I26: -2.1554762e-09
B27: 45628 | C27: 13136.289 | D27: -35.349998 | E27: 13.504267 | F27: 3400.2685 | G27: 2773.3712 | H27: -1967.292 | I27: -6.1585521e-09
B28: 45628 | C28: 9302.3262 | D28: -2.9004321 | E28: 14.328241 | F28: 2890.9939 | G28: 2887.2905 | H28: -146.28566 | I28: -1.1695716e-07
B29: 45628 | C29: 6644.5186 | D29: 22.492956 | E29: 14.694452 | F29: 3586.8577 | G29: 3313.9931 | H29: 1372.2236 | I29: 1.7455478e-08
B30: 45628 | C30: 4761.9048 | D30: 33.370082 | E30: 15.060663 | F30: 4716.9056 | G30: 3939.2538 | H30: 2594.5091 | I30: 1.2882028e-08
B31: 45628 | C31: 3401.3606 | D31: 37.046689 | E31: 14.82718 | F31: 6307.9085 | G31: 5034.6246 | H31: 3800.298 | I31: 1.2312601e-08
B32: 45628 | C32: 2433.8301 | D32: 38.998618 | E32: 1.4735627 | F32: 7769.7111 | G32: 6038.3176 | H32: 4889.492 | I32: 1.3374148e-08
B33: 45628 | C33: 1732.7268 | D33: 40.11218 | E33: 1.4964533 | F33: 9286.837 | G33: 7102.4286 | H33: 5983.3811 | I33: 1.5351237e-08
B34: 45628 | C34: 1238.3901 | D34: 40.432698 | E34: 1.5248346 | F34: 11101.826 | G34: 8450.3581 | H34: 7200.1381 | I34: 1.7849326e-08
... B62: 45628 | C62: 0.10000128 | D62: -3.1243135 | E62: 2.5174183 | F62: 13814.091 | G62: 13793.559 | H62: -752.90305 | I62: -0.0021138565
N184: Summary of results
N186: Add in here average values, tables, figures or any result you've got

Sheet Biosensor1_60%
D3: Lab-Book
H5: Supervisor: | I5: Johann F. Osma
B8: Experiment Nº: | C8: 25 | H8: Researcher: | I8: =Description!I8 -> Ailin Prado Falla
B9: Title: | C9: EIS for biosensor 1 with APAP 15% | H9: Starting Date: | I9: 45628
B11: Description of the experiment
B13: EIS for APAP 60% in biosensor 1 using remotly controlled syringe pumps and commercial potentiostat.
B20: Measurement: | N20: Calculation and/or formula:
B21: Date | C21: Description | N21: Date | O21: Description
C22: freq / Hz | D22: neg. Phase / ° | E22: Idc / uA | F22: Z / Ohm | G22: Z' / Ohm | H22: -Z'' / Ohm | I22: Cs / F | O22: Sample 1 | P22: Sample 2 | Q22: Sample 3 | R22: Sample 4 | S22: Sample 5 | T22: Sample 6 | U22: Sample 7 | V22: Sample 8 | W22: Sample 9
B23: 45628 | C23: 50000 | D23: 65.218685 | E23: 17.852783 | F23: 3823.3278 | G23: 1602.5709 | H23: 3471.2537 | I23: 9.1698826e-10
B24: 45628 | C24: 35714.285 | D24: 1.5116119 | E24: 17.852783 | F24: 2208.1925 | G24: 2207.424 | H24: 58.251111 | I24: 7.6502206e-08
B25: 45628 | C25: 25641.025 | D25: -31.600949 | E25: 18.768311 | F25: 2758.2964 | G25: 2349.2914 | H25: -1445.3473 | I25: -4.2944991e-09
B26: 45628 | C26: 18390.805 | D26: -41.457716 | E26: 18.814325 | F26: 3010.8886 | G26: 2256.4939 | H26: -1993.4104 | I26: -4.3413288e-09
B27: 45628 | C27: 13136.289 | D27: -11.028448 | E27: 18.997431 | F27: 2242.4258 | G27: 2201.0134 | H27: -428.96789 | I27: -2.8243769e-08
B28: 45628 | C28: 9302.3262 | D28: 20.155463 | E28: 19.546747 | F28: 2673.911 | G28: 2510.1638 | H28: 921.34576 | I28: 1.8569744e-08
B29: 45628 | C29: 6644.5186 | D29: 33.660282 | E29: 19.6383 | F29: 3729.6015 | G29: 3104.2911 | H29: 2067.1972 | I29: 1.1587099e-08
B30: 45628 | C30: 4761.9048 | D30: 38.026331 | E30: 19.729853 | F30: 4740.5608 | G30: 3734.2712 | H30: 2920.2971 | I30: 1.144491e-08
B31: 45628 | C31: 3401.3606 | D31: 38.493575 | E31: 19.816898 | F31: 6146.3504 | G31: 4810.6129 | H31: 3825.6536 | I31: 1.2230996e-08
B32: 45628 | C32: 2433.8301 | D32: 38.829336 | E32: 1.9954227 | F32: 7373.0838 | G32: 5743.7579 | H32: 4622.9439 | I32: 1.4145271e-08
B33: 45628 | C33: 1732.7268 | D33: 38.641869 | E33: 2.0018314 | F33: 8689.3504 | G33: 6786.9419 | H33: 5426.0695 | I33: 1.6927962e-08
B34: 45628 | C34: 1238.3901 | D34: 38.046357 | E34: 2.0091557 | F34: 10270.21 | G34: 8087.9174 | H34: 6329.5185 | I34: 2.0304485e-08
... B62: 45628 | C62: 0.10000128 | D62: -1.81561 | E62: 2.1464872 | F62: 11503.237 | G62: 11497.462 | H62: -364.45785 | I62: -0.0043668397
N184: Summary of results
N186: Add in here average values, tables, figures or any result you've got

Sheet Biosensor2_0%
D3: Lab-Book
H5: Supervisor: | I5: Johann F. Osma
B8: Experiment Nº: | C8: 26 | H8: Researcher: | I8: =Description!I8 -> Ailin Prado Falla
B9: Title: | C9: EIS for biosensor 2 with APAP 15% | H9: Starting Date: | I9: 45506
B11: Description of the experiment
B13: EIS for APAP 0% in biosensor 2 using remotly controlled syringe pumps and commercial potentiostat.
B20: Measurement: | M20: Calculation and/or formula:
B21: Date | C21: Description | M21: Date | N21: Description
C22: freq / Hz | D22: neg. Phase / ° | E22: Idc / uA | F22: Z / Ohm | G22: Z' / Ohm | H22: -Z'' / Ohm | I22: Cs / F | N22: Sample 1 | O22: Sample 2 | P22: Sample 3 | Q22: Sample 4 | R22: Sample 5 | S22: Sample 6 | T22: Sample 7 | U22: Sample 8 | V22: Sample 9
B23: 45506 | C23: 50000 | D23: 50.918172 | E23: 9.6130371 | F23: 4619.6811 | G23: 2912.3839 | H23: 3586.0107 | I23: 8.8764343e-10
B24: 45506 | C24: 35714.285 | D24: 13.712262 | E24: 9.6130371 | F24: 2353.2823 | G24: 2286.21 | H24: 557.83631 | I24: 7.9886132e-09
B25: 45506 | C25: 25641.025 | D25: -15.582394 | E25: 9.6130371 | F25: 4487.4574 | G25: 4322.5216 | H25: -1205.4381 | I25: -5.1492009e-09
B26: 45506 | C26: 18390.805 | D26: -45.021964 | E26: 9.7506046 | F26: 15077.103 | G26: 10657.034 | H26: -10665.208 | I26: -8.1142814e-10
B27: 45506 | C27: 13136.289 | D27: -38.328749 | E27: 9.9337101 | F27: 10921.351 | G27: 8567.421 | H27: -6773.1241 | I27: -1.7887861e-09
B28: 45506 | C28: 9302.3262 | D28: -22.41805 | E28: 10.299921 | F28: 8724.9791 | G28: 8065.597 | H28: -3327.3721 | I28: -5.1419423e-09
B29: 45506 | C29: 6644.5186 | D29: -1.7730095 | E29: 10.299921 | F29: 7588.884 | G29: 7585.2507 | H29: -234.79942 | I29: -1.0201395e-07
B30: 45506 | C30: 4761.9048 | D30: 20.475859 | E30: 10.208368 | F30: 8466.0216 | G30: 7931.1355 | H30: 2961.5218 | I30: 1.1285596e-08
B31: 45506 | C31: 3401.3606 | D31: 27.601982 | E31: 10.066366 | F31: 12174.053 | G31: 10788.494 | H31: 5640.5635 | I31: 8.2955458e-09
B32: 45506 | C32: 2433.8301 | D32: 28.137409 | E32: 1.0057211 | F32: 15596.691 | G32: 13753.461 | H32: 7355.2081 | I32: 8.8906786e-09
B33: 45506 | C33: 1732.7268 | D33: 25.652996 | E33: 1.0121298 | F33: 18318.308 | G33: 16512.717 | H33: 7930.3566 | I33: 1.1582367e-08
B34: 45506 | C34: 1238.3901 | D34: 22.200459 | E34: 1.0231185 | F34: 20454.868 | G34: 18938.499 | H34: 7728.8351 | I34: 1.6628329e-08
... B62: 45506 | C62: 0.10000128 | D62: 0.20086543 | E62: 1.524056 | F62: 12942.3 | G62: 12942.221 | H62: 45.372545 | I62: 0.035076917
O63: ='Biosensor2_15%'!#REF! -> #REF! | P63: ='Biosensor2_30%'!#REF! -> #REF! | Q63: ='Biosensor2_45%'!#REF! -> #REF! | R63: ='Biosensor2_60%'!#REF! -> #REF!
O64: ='Biosensor2_15%'!#REF! -> #REF! | P64: ='Biosensor2_30%'!#REF! -> #REF! | Q64: ='Biosensor2_45%'!#REF! -> #REF! | R64: ='Biosensor2_60%'!#REF! -> #REF!
O65: ='Biosensor2_15%'!#REF! -> #REF! | P65: ='Biosensor2_30%'!#REF! -> #REF! | Q65: ='Biosensor2_45%'!#REF! -> #REF! | R65: ='Biosensor2_60%'!#REF! -> #REF!
O66: ='Biosensor2_15%'!#REF! -> #REF! | P66: ='Biosensor2_30%'!#REF! -> #REF! | Q66: ='Biosensor2_45%'!#REF! -> #REF! | R66: ='Biosensor2_60%'!#REF! -> #REF!
O67: ='Biosensor2_15%'!#REF! -> #REF! | P67: ='Biosensor2_30%'!#REF! -> #REF! | Q67: ='Biosensor2_45%'!#REF! -> #REF! | R67: ='Biosensor2_60%'!#REF! -> #REF!
O68: ='Biosensor2_15%'!#REF! -> #REF! | P68: ='Biosensor2_30%'!#REF! -> #REF! | Q68: ='Biosensor2_45%'!#REF! -> #REF! | R68: ='Biosensor2_60%'!#REF! -> #REF!
O69: ='Biosensor2_15%'!#REF! -> #REF! | P69: ='Biosensor2_30%'!#REF! -> #REF! | Q69: ='Biosensor2_45%'!#REF! -> #REF! | R69: ='Biosensor2_60%'!#REF! -> #REF!
O70: ='Biosensor2_15%'!#REF! -> #REF! | P70: ='Biosensor2_30%'!#REF! -> #REF! | Q70: ='Biosensor2_45%'!#REF! -> #REF! | R70: ='Biosensor2_60%'!#REF! -> #REF!
O71: ='Biosensor2_15%'!#REF! -> #REF! | P71: ='Biosensor2_30%'!#REF! -> #REF! | Q71: ='Biosensor2_45%'!#REF! -> #REF! | R71: ='Biosensor2_60%'!#REF! -> #REF!
O72: ='Biosensor2_15%'!#REF! -> #REF! | P72: ='Biosensor2_30%'!#REF! -> #REF! | Q72: ='Biosensor2_45%'!#REF! -> #REF! | R72: ='Biosensor2_60%'!#REF! -> #REF!
O73: ='Biosensor2_15%'!#REF! -> #REF! | P73: ='Biosensor2_30%'!#REF! -> #REF! | Q73: ='Biosensor2_45%'!#REF! -> #REF! | R73: ='Biosensor2_60%'!#REF! -> #REF!
O74: ='Biosensor2_15%'!#REF! -> #REF! | P74: ='Biosensor2_30%'!#REF! -> #REF! | Q74: ='Biosensor2_45%'!#REF! -> #REF! | R74: ='Biosensor2_60%'!#REF! -> #REF!
... O182: ='Biosensor2_15%'!#REF! -> #REF! | P182: ='Biosensor2_30%'!#REF! -> #REF! | Q182: ='Biosensor2_45%'!#REF! -> #REF! | R182: ='Biosensor2_60%'!#REF! -> #REF!
M184: Summary of results
M186: Add in here average values, tables, figures or any result you've got

Sheet Biosensor2_15%
D3: Lab-Book
H5: Supervisor: | I5: Johann F. Osma
B8: Experiment Nº: | C8: 27 | H8: Researcher: | I8: =Description!I8 -> Ailin Prado Falla
B9: Title: | C9: EIS for biosensor 2 with APAP 15% | H9: Starting Date: | I9: 45505
B11: Description of the experiment
B13: EIS for APAP 15% in biosensor 2 using remotly controlled syringe pumps and commercial potentiostat.
B20: Measurement: | L20: Calculation and/or formula:
B21: Date | C21: Description | L21: Date | M21: Description
C22: freq / Hz | D22: neg. Phase / ° | E22: Idc / uA | F22: Z / Ohm | G22: Z' / Ohm | H22: -Z'' / Ohm | I22: Cs / F | M22: Sample 1 | N22: Sample 2 | O22: Sample 3 | P22: Sample 4 | Q22: Sample 5 | R22: Sample 6 | S22: Sample 7 | T22: Sample 8 | U22: Sample 9
B23: 45505 | C23: 50000 | D23: 58.802704 | E23: 10.528564 | F23: 3917.1748 | G23: 2029.0442 | H23: 3350.7071 | I23: 9.4997825e-10
B24: 45505 | C24: 35714.285 | D24: 12.616634 | E24: 10.528564 | F24: 2263.2493 | G24: 2208.5995 | H24: 494.35375 | I24: 9.014473e-09
B25: 45505 | C25: 25641.025 | D25: -19.891296 | E25: 10.528564 | F25: 3737.9194 | G25: 3514.9144 | H25: -1271.7774 | I25: -4.8806048e-09
B26: 45505 | C26: 18390.805 | D26: -37.299695 | E26: 11.032343 | F26: 7415.4185 | G26: 5898.7927 | H26: -4493.6261 | I26: -1.92585e-09
B27: 45505 | C27: 13136.289 | D27: -7.2395599 | E27: 11.215448 | F27: 5600.871 | G27: 5556.2204 | H27: -705.81173 | I27: -1.7165583e-08
B28: 45505 | C28: 9302.3262 | D28: 24.103069 | E28: 11.673212 | F28: 6956.0559 | G28: 6349.5734 | H28: 2840.7096 | I28: 6.0228456e-09
B29: 45505 | C29: 6644.5186 | D29: 36.580709 | E29: 11.856318 | F29: 9799.9661 | G29: 7869.5509 | H29: 5840.3343 | I29: 4.1012752e-09
B30: 45505 | C30: 4761.9048 | D30: 37.31815 | E30: 11.94787 | F30: 12615.984 | G30: 10033.258 | H30: 7648.3184 | I30: 4.3699198e-09
B31: 45505 | C31: 3401.3606 | D31: 31.0022 | E31: 12.135506 | F31: 17757.706 | G31: 15220.973 | H31: 9146.4791 | I31: 5.1157994e-09
B32: 45505 | C32: 2433.8301 | D32: 25.69586 | E32: 1.2327766 | F32: 20429.487 | G32: 18409.182 | H32: 8858.1027 | I32: 7.3822571e-09
B33: 45505 | C33: 1732.7268 | D33: 21.671973 | E33: 1.2236214 | F33: 22237.895 | G33: 20665.972 | H33: 8212.2814 | I33: 1.1184748e-08
B34: 45505 | C34: 1238.3901 | D34: 18.452404 | E34: 1.2162971 | F34: 23794.212 | G34: 22570.878 | H34: 7531.2672 | I34: 1.706454e-08
... B62: 45505 | C62: 0.10000128 | D62: 7.2091607 | E62: 1.3362784 | F62: 12280.051 | G62: 12182.973 | H62: 1541.0464 | I62: 0.0010327586
L64: Summary of results
L66: Add in here average values, tables, figures or any result you've got

Sheet Biosensor2_30%
D3: Lab-Book
H5: Supervisor: | I5: Johann F. Osma
B8: Experiment Nº: | C8: 28 | H8: Researcher: | I8: =Description!I8 -> Ailin Prado Falla
B9: Title: | C9: EIS for biosensor 2 with APAP 15% | H9: Starting Date: | I9: 45503
B11: Description of the experiment
B13: EIS for APAP 30% in biosensor 2 using remotly controlled syringe pumps and commercial potentiostat.
B20: Measurement: | L20: Calculation and/or formula:
B21: Date | C21: Description | L21: Date | M21: Description
C22: freq / Hz | D22: neg. Phase / ° | E22: Idc / uA | F22: Z / Ohm | G22: Z' / Ohm | H22: -Z'' / Ohm | I22: Cs / F | M22: Sample 1 | N22: Sample 2 | O22: Sample 3 | P22: Sample 4 | Q22: Sample 5 | R22: Sample 6 | S22: Sample 7 | T22: Sample 8 | U22: Sample 9
B23: 45503 | C23: 50000 | D23: 73.963859 | E23: 35.247803 | F23: 4525.2181 | G23: 1250.0628 | H23: 4349.1312 | I23: 7.3189305e-10
B24: 45503 | C24: 35714.285 | D24: 8.1026271 | E24: 34.332275 | F24: 2265.7813 | G24: 2243.1625 | H24: 319.35423 | I24: 1.3954218e-08
B25: 45503 | C25: 25641.025 | D25: -27.392841 | E25: 32.501221 | F25: 3518.2944 | G25: 3123.7982 | H25: -1618.728 | I25: -3.8345187e-09
B26: 45503 | C26: 18390.805 | D26: -45.385993 | E26: 30.533314 | F26: 5115.4828 | G26: 3592.7422 | H26: -3641.4787 | I26: -2.3765208e-09
B27: 45503 | C27: 13136.289 | D27: -22.502903 | E27: 28.885365 | F27: 3658.8763 | G27: 3380.29 | H27: -1400.3626 | I27: -8.6518092e-09
B28: 45503 | C28: 9302.3262 | D28: 8.6833005 | E28: 27.969837 | F28: 3890.9148 | G28: 3846.3169 | H28: 587.42194 | I28: 2.9125836e-08
B29: 45503 | C29: 6644.5186 | D29: 23.500408 | E29: 25.955677 | F29: 5168.4277 | G29: 4739.744 | H29: 2060.9394 | I29: 1.1622281e-08
B30: 45503 | C30: 4761.9048 | D30: 27.471387 | E30: 24.948597 | F30: 6471.9972 | G30: 5742.2233 | H30: 2985.5685 | I30: 1.1194698e-08
B31: 45503 | C31: 3401.3606 | D31: 25.300487 | E31: 23.158623 | F31: 8283.0206 | G31: 7488.5042 | H31: 3539.8777 | I31: 1.3218409e-08
B32: 45503 | C32: 2433.8301 | D32: 22.835482 | E32: 23.378349 | F32: 9580.9671 | G32: 8830.0396 | H32: 3718.2431 | I32: 1.7587014e-08
B33: 45503 | C33: 1732.7268 | D33: 21.195493 | E33: 22.847343 | F33: 10397.48 | G33: 9694.1135 | H33: 3759.2215 | I33: 2.4433862e-08
B34: 45503 | C34: 1238.3901 | D34: 19.932825 | E34: 22.20645 | F34: 11258.551 | G34: 10584.085 | H34: 3838.2449 | I34: 3.3483432e-08
... B62: 45503 | C62: 0.10000128 | D62: 9.2724663 | E62: 1.8965435 | F62: 12244.546 | G62: 12084.549 | H62: 1972.9583 | I62: 0.00080667139
L64: Summary of results
L66: Add in here average values, tables, figures or any result you've got

Sheet Biosensor2_45%
D3: Lab-Book
H5: Supervisor: | I5: Johann F. Osma
B8: Experiment Nº: | C8: 29 | H8: Researcher: | I8: =Description!I8 -> Ailin Prado Falla
B9: Title: | C9: EIS for biosensor 2 with APAP 15% | H9: Starting Date: | I9: 45504
B11: Description of the experiment
B13: EIS for APAP 45% in biosensor 2 using remotly controlled syringe pumps and commercial potentiostat.
B20: Measurement: | K20: Calculation and/or formula:
B21: Date | C21: Description | K21: Date | L21: Description
C22: freq / Hz | D22: neg. Phase / ° | E22: Idc / uA | F22: Z / Ohm | G22: Z' / Ohm | H22: -Z'' / Ohm | I22: Cs / F | L22: Sample 1 | M22: Sample 2 | N22: Sample 3 | O22: Sample 4 | P22: Sample 5 | Q22: Sample 6 | R22: Sample 7 | S22: Sample 8 | T22: Sample 9
B23: 45504 | C23: 50000 | D23: 88.564961 | E23: 12.359619 | F23: 3867.3782 | G23: 96.85284 | H23: 3866.1653 | I23: 8.2332198e-10
B24: 45504 | C24: 35714.285 | D24: 10.164452 | E24: 12.359619 | F24: 1719.3366 | G24: 1692.3521 | H24: 303.41835 | I24: 1.4687109e-08
B25: 45504 | C25: 25641.025 | D25: 4.3459064 | E25: 12.359619 | F25: 2862.1123 | G25: 2853.8829 | H25: 216.88418 | I25: 2.8619159e-08
B26: 45504 | C26: 18390.805 | D26: 17.057707 | E26: 11.673212 | F26: 8350.2239 | G26: 7982.8959 | H26: 2449.4106 | I26: 3.5331152e-09
B27: 45504 | C27: 13136.289 | D27: 13.961241 | E27: 11.673212 | F27: 8930.4809 | G27: 8666.667 | H27: 2154.6165 | I27: 5.6231212e-09
B28: 45504 | C28: 9302.3262 | D28: 21.241889 | E28: 12.039423 | F28: 9284.1821 | G28: 8653.407 | H28: 3363.7158 | I28: 5.0863856e-09
B29: 45504 | C29: 6644.5186 | D29: 25.133446 | E29: 11.856318 | F29: 10898.137 | G29: 9866.3121 | H29: 4628.7434 | I29: 5.1747993e-09
B30: 45504 | C30: 4761.9048 | D30: 23.700478 | E30: 11.581659 | F30: 12143.904 | G30: 11119.678 | H30: 4881.3078 | I30: 6.8470458e-09
B31: 45504 | C31: 3401.3606 | D31: 17.372124 | E31: 11.375594 | F31: 14793.957 | G31: 14119.141 | H31: 4417.128 | I31: 1.0593207e-08
B32: 45504 | C32: 2433.8301 | D32: 15.451911 | E32: 1.1274886 | F32: 15821.276 | G32: 15249.407 | H32: 4215.2548 | I32: 1.5513366e-08
B33: 45504 | C33: 1732.7268 | D33: 14.621432 | E33: 1.107347 | F33: 16642.887 | G33: 16103.904 | H33: 4201.1859 | I33: 2.1863422e-08
B34: 45504 | C34: 1238.3901 | D34: 13.55616 | E34: 1.091783 | F34: 17675.223 | G34: 17182.803 | H34: 4143.0432 | I34: 3.10201e-08
... B62: 45504 | C62: 0.10000128 | D62: -5.3505256 | E62: 1.0679793 | F62: 14567.114 | G62: 14503.643 | H62: -1358.3633 | I62: -0.001171652
K64: Summary of results
K66: Add in here average values, tables, figures or any result you've got

Sheet Biosensor2_60%
D3: Lab-Book
H5: Supervisor: | I5: Johann F. Osma
B8: Experiment Nº: | C8: 30 | H8: Researcher: | I8: =Description!I8 -> Ailin Prado Falla
B9: Title: | C9: EIS for biosensor 2 with APAP 15% | H9: Starting Date: | I9: 45505
B11: Description of the experiment
B13: EIS for APAP 60% in biosensor 2 using remotly controlled syringe pumps and commercial potentiostat.
B20: Measurement: | K20: Calculation and/or formula:
B21: Date | C21: Description | K21: Date | L21: Description
C22: freq / Hz | D22: neg. Phase / ° | E22: Idc / uA | F22: Z / Ohm | G22: Z' / Ohm | H22: -Z'' / Ohm | I22: Cs / F | L22: Sample 1 | M22: Sample 2 | N22: Sample 3 | O22: Sample 4 | P22: Sample 5 | Q22: Sample 6 | R22: Sample 7 | S22: Sample 8 | T22: Sample 9
B23: 45505 | C23: 50000 | D23: 86.468207 | E23: 5.0354004 | F23: 3379.6575 | G23: 208.19496 | H23: 3373.2387 | I23: 9.4363284e-10
B24: 45505 | C24: 35714.285 | D24: -0.44874129 | E24: 5.0354004 | F24: 1825.1065 | G24: 1825.0505 | H24: -14.294112 | I24: -3.1176044e-07
B25: 45505 | C25: 25641.025 | D25: -15.078109 | E25: 5.0354004 | F25: 2167.9551 | G25: 2093.317 | H25: -563.96233 | I25: -1.100613e-08
B26: 45505 | C26: 18390.805 | D26: 4.5525345 | E26: 5.0811768 | F26: 4024.8591 | G26: 4012.1606 | H26: 319.46569 | I26: 2.7089137e-08
B27: 45505 | C27: 13136.289 | D27: 15.1258 | E27: 5.1727295 | F27: 4893.4875 | G27: 4723.9537 | H27: 1276.9029 | I27: 9.4883253e-09
B28: 45505 | C28: 9302.3262 | D28: 22.827401 | E28: 5.4473877 | F28: 5689.5811 | G28: 5243.9602 | H28: 2207.3094 | I28: 7.7511358e-09
B29: 45505 | C29: 6644.5186 | D29: 26.670818 | E29: 5.5389404 | F29: 6871.3583 | G29: 6140.2466 | H29: 3084.3048 | I29: 7.7660345e-09
B30: 45505 | C30: 4761.9048 | D30: 26.867719 | E30: 5.5389404 | F30: 7750.5997 | G30: 6913.9403 | H30: 3502.7455 | I30: 9.5418116e-09
B31: 45505 | C31: 3401.3606 | D31: 24.892025 | E31: 5.6717873 | F31: 9236.6739 | G31: 8378.6111 | H31: 3887.8043 | I31: 1.203547e-08
B32: 45505 | C32: 2433.8301 | D32: 24.843431 | E32: 0.57267189 | F32: 10182.234 | G32: 9239.9621 | H32: 4277.9643 | I32: 1.528596e-08
B33: 45505 | C33: 1732.7268 | D33: 25.22543 | E33: 0.57908058 | F33: 11152.913 | G33: 10089.349 | H33: 4753.1581 | I33: 1.9324478e-08
B34: 45505 | C34: 1238.3901 | D34: 25.28655 | E34: 0.58732033 | F34: 12386.338 | G34: 11199.515 | H34: 5290.7701 | I34: 2.4290908e-08
... B62: 45505 | C62: 0.10000128 | D62: -3.1772279 | E62: 1.3105965 | F62: 12743.052 | G62: 12723.464 | H62: -706.27947 | I62: -0.0022533984
K64: Summary of results
K66: Add in here average values, tables, figures or any result you've got

Sheet Biosensor3_0%
D3: Lab-Book
H5: Supervisor: | I5: Johann F. Osma
B8: Experiment Nº: | C8: 31 | H8: Researcher: | I8: =Description!I8 -> Ailin Prado Falla
B9: Title: | C9: EIS for biosensor 3 with APAP 15% | H9: Starting Date: | I9: 45628
B11: Description of the experiment
B13: EIS for APAP 0% in biosensor 3 using remotly controlled syringe pumps and commercial potentiostat.
B20: Measurement: | N20: Calculation and/or formula:
B21: Date | C21: Description | N21: Date | O21: Description
C22: freq / Hz | D22: neg. Phase / ° | E22: Idc / uA | F22: Z / Ohm | G22: Z' / Ohm | H22: -Z'' / Ohm | I22: Cs / F | O22: Sample 1 | P22: Sample 2 | Q22: Sample 3 | R22: Sample 4 | S22: Sample 5 | T22: Sample 6 | U22: Sample 7 | V22: Sample 8 | W22: Sample 9
B23: 45628 | C23: 50000 | D23: 55.18857 | E23: 0.45776367 | F23: 4937.7376 | G23: 2818.8427 | H23: 4054.0571 | I23: 7.851638e-10
B24: 45628 | C24: 35714.285 | D24: 13.712262 | E24: 0.45776367 | F24: 2353.2823 | G24: 2286.21 | H24: 557.83631 | I24: 7.9886132e-09
B25: 45628 | C25: 25641.025 | D25: -13.207398 | E25: 0.45776367 | F25: 4642.5202 | G25: 4519.7228 | H25: -1060.7071 | I25: -5.8517971e-09
B26: 45628 | C26: 18390.805 | D26: -40.200607 | E26: 0.22888184 | F26: 28128.441 | G26: 21484.199 | H26: -18155.946 | I26: -4.7665101e-10
B27: 45628 | C27: 13136.289 | D27: -34.171307 | E27: 0.22888184 | F27: 21595.408 | G27: 17867.219 | H27: -12129.474 | I27: -9.9886198e-10
B28: 45628 | C28: 9302.3262 | D28: -11.925679 | E28: 0.22888184 | F28: 21604.124 | G28: 21137.831 | H28: -4464.3349 | I28: -3.8324086e-09
B29: 45628 | C29: 6644.5186 | D29: -22.855567 | E29: 0.22888184 | F29: 20763.186 | G29: 19133.004 | H29: -8064.6178 | I29: -2.970112e-09
B30: 45628 | C30: 4761.9048 | D30: -16.833787 | E30: 0.22888184 | F30: 10379.758 | G30: 9934.9734 | H30: -3005.9391 | I30: -1.1118834e-08
B31: 45628 | C31: 3401.3606 | D31: 15.735289 | E31: 0.16937256 | F31: 9070.2275 | G31: 8730.3198 | H31: 2459.7852 | I31: 1.9022618e-08
B32: 45628 | C32: 2433.8301 | D32: 35.250986 | E32: 0.016937256 | F32: 13053.99 | G32: 10660.301 | H32: 7534.2308 | I32: 8.6794251e-09
B33: 45628 | C33: 1732.7268 | D33: 44.618935 | E33: 0.016937256 | F33: 17969.43 | G33: 12790.531 | H33: 12621.518 | I33: 7.277437e-09
B34: 45628 | C34: 1238.3901 | D34: 49.15775 | E34: 0.016937256 | F34: 24012.371 | G34: 15703.577 | H34: 18165.671 | I34: 7.0747518e-09
... B62: 45628 | C62: 0.10000128 | D62: 1.4310813 | E62: 0.0039322615 | F62: 586882.65 | G62: 586699.59 | H62: 14657.091 | I62: 0.00010858423
N184: Summary of results
N186: Add in here average values, tables, figures or any result you've got

Sheet Biosensor3_15%
D3: Lab-Book
H5: Supervisor: | I5: Johann F. Osma
B8: Experiment Nº: | C8: 32 | H8: Researcher: | I8: =Description!I8 -> Ailin Prado Falla
B9: Title: | C9: EIS for biosensor 3 with APAP 15% | H9: Starting Date: | I9: 45505
B11: Description of the experiment
B13: EIS for APAP 15% in biosensor 3 using remotly controlled syringe pumps and commercial potentiostat.
B20: Measurement: | L20: Calculation and/or formula:
B21: Date | C21: Description | L21: Date | M21: Description
C22: freq / Hz | D22: neg. Phase / ° | E22: Idc / uA | F22: Z / Ohm | G22: Z' / Ohm | H22: -Z'' / Ohm | I22: Cs / F | M22: Sample 1 | N22: Sample 2 | O22: Sample 3 | P22: Sample 4 | Q22: Sample 5 | R22: Sample 6 | S22: Sample 7 | T22: Sample 8 | U22: Sample 9
B23: 45505 | C23: 50000 | D23: 63.994433 | E23: 1.373291 | F23: 4479.5793 | G23: 1964.1095 | H23: 4026.0284 | I23: 7.9063e-10
B24: 45505 | C24: 35714.285 | D24: 5.9080923 | E24: 1.373291 | F24: 2225.5914 | G24: 2213.7697 | H24: 229.08685 | I24: 1.9452616e-08
B25: 45505 | C25: 25641.025 | D25: -25.169598 | E25: 1.373291 | F25: 3571.6986 | G25: 3232.576 | H25: -1519.0402 | I25: -4.0861609e-09
B26: 45505 | C26: 18390.805 | D26: -39.095411 | E26: 1.1444092 | F26: 5277.21 | G26: 4095.6265 | H26: -3327.8807 | I26: -2.6004688e-09
B27: 45505 | C27: 13136.289 | D27: -6.9612186 | E27: 1.2359619 | F27: 3833.8328 | G27: 3805.5713 | H27: -464.65094 | I27: -2.6074778e-08
B28: 45505 | C28: 9302.3262 | D28: 27.571766 | E28: 1.2359619 | F28: 4820.0436 | G28: 4272.6398 | H28: 2231.0019 | I28: 7.6688216e-09
B29: 45505 | C29: 6644.5186 | D29: 41.462448 | E29: 1.3275146 | F29: 7027.1856 | G29: 5266.1015 | H29: 4652.9037 | I29: 5.147929e-09
B30: 45505 | C30: 4761.9048 | D30: 45.172113 | E30: 1.3275146 | F30: 9195.3788 | G30: 6482.5535 | H30: 6521.6173 | I30: 5.1248849e-09
B31: 45505 | C31: 3401.3606 | D31: 44.782018 | E31: 1.3229609 | F31: 12754.29 | G31: 9052.891 | H31: 8984.2683 | I31: 5.2081651e-09
B32: 45505 | C32: 2433.8301 | D32: 44.755173 | E32: 0.13321161 | F32: 15394.091 | G32: 10931.68 | H32: 10838.654 | I32: 6.0332947e-09
B33: 45505 | C33: 1732.7268 | D33: 45.768375 | E33: 0.13504267 | F33: 17928.541 | G33: 12506.246 | H33: 12846.26 | I33: 7.1501199e-09
B34: 45505 | C34: 1238.3901 | D34: 47.739423 | E34: 0.13778925 | F34: 21035.804 | G34: 14146.65 | H34: 15568.472 | I34: 8.2549921e-09
... B62: 45505 | C62: 0.10000128 | D62: -7.3325965 | E62: 0.59295034 | F62: 32134.887 | G62: 31872.087 | H62: -4101.34 | I62: -0.00038805098
L64: Summary of results
L66: Add in here average values, tables, figures or any result you've got

Sheet Biosensor3_30%
D3: Lab-Book
H5: Supervisor: | I5: Johann F. Osma
B8: Experiment Nº: | C8: 33 | H8: Researcher: | I8: =Description!I8 -> Ailin Prado Falla
B9: Title: | C9: EIS for biosensor 3 with APAP 15% | H9: Starting Date: | I9: 45503
B11: Description of the experiment
B13: EIS for APAP 30% in biosensor 3 using remotly controlled syringe pumps and commercial potentiostat.
B20: Measurement: | L20: Calculation and/or formula:
B21: Date | C21: Description | L21: Date | M21: Description
C22: freq / Hz | D22: neg. Phase / ° | E22: Idc / uA | F22: Z / Ohm | G22: Z' / Ohm | H22: -Z'' / Ohm | I22: Cs / F | M22: Sample 1 | N22: Sample 2 | O22: Sample 3 | P22: Sample 4 | Q22: Sample 5 | R22: Sample 6 | S22: Sample 7 | T22: Sample 8 | U22: Sample 9
B23: 45503 | C23: 50000 | D23: 63.994433 | E23: 13.275146 | F23: 4479.5793 | G23: 1964.1095 | H23: 4026.0284 | I23: 7.9063e-10
B24: 45503 | C24: 35714.285 | D24: 11.337274 | E24: 12.359619 | F24: 2318.944 | G24: 2273.6944 | H24: 455.86738 | I24: 9.775515e-09
B25: 45503 | C25: 25641.025 | D25: -18.213408 | E25: 12.359619 | F25: 3545.4074 | G25: 3367.7787 | H25: -1108.1427 | I25: -5.6013028e-09
B26: 45503 | C26: 18390.805 | D26: -44.605852 | E26: 11.856318 | F26: 6626.5627 | G26: 4717.8099 | H26: -4653.3431 | I26: -1.859749e-09
B27: 45503 | C27: 13136.289 | D27: -25.145259 | E27: 11.673212 | F27: 4349.6113 | G27: 3937.4136 | H27: -1848.2135 | I27: -6.5553413e-09
B28: 45503 | C28: 9302.3262 | D28: 13.543202 | E28: 11.673212 | F28: 4123.4612 | G28: 4008.8027 | H28: 965.62592 | I28: 1.7718202e-08
B29: 45503 | C29: 6644.5186 | D29: 36.562486 | E29: 11.490107 | F29: 5879.6499 | G29: 4722.58 | H29: 3502.5022 | I29: 6.8387732e-09
B30: 45503 | C30: 4761.9048 | D30: 43.637695 | E30: 11.032343 | F30: 8063.479 | G30: 5835.6849 | H30: 5564.5733 | I30: 6.0063075e-09
B31: 45503 | C31: 3401.3606 | D31: 43.917483 | E31: 10.652328 | F31: 11823.453 | G31: 8516.9003 | H31: 8201.0031 | I31: 5.7055889e-09
B32: 45503 | C32: 2433.8301 | D32: 42.053056 | E32: 1.0405135 | F32: 14871.996 | G32: 11042.827 | H32: 9961.5379 | I32: 6.5645277e-09
B33: 45503 | C33: 1732.7268 | D33: 40.166496 | E33: 1.0203719 | F33: 17583.776 | G33: 13437.053 | H33: 11341.728 | I33: 8.0986162e-09
B34: 45503 | C34: 1238.3901 | D34: 38.563739 | E34: 1.0112143 | F34: 20374.064 | G34: 15930.79 | H34: 12700.883 | I34: 1.0118793e-08
... B62: 45503 | C62: 0.10000128 | D62: -4.1814821 | E62: 0.64889002 | F62: 45554.197 | G62: 45432.936 | H62: -3321.6236 | I62: -0.0004791419
L64: Summary of results
L66: Add in here average values, tables, figures or any result you've got

Sheet Biosensor3_45%
D3: Lab-Book
H5: Supervisor: | I5: Johann F. Osma
B8: Experiment Nº: | C8: 34 | H8: Researcher: | I8: =Description!I8 -> Ailin Prado Falla
B9: Title: | C9: EIS for biosensor 3 with APAP 15% | H9: Starting Date: | I9: 45504
B11: Description of the experiment
B13: EIS for APAP 45% in biosensor 3 using remotly controlled syringe pumps and commercial potentiostat.
B20: Measurement: | K20: Calculation and/or formula:
B21: Date | C21: Description | K21: Date | L21: Description
C22: freq / Hz | D22: neg. Phase / ° | E22: Idc / uA | F22: Z / Ohm | G22: Z' / Ohm | H22: -Z'' / Ohm | I22: Cs / F | L22: Sample 1 | M22: Sample 2 | N22: Sample 3 | O22: Sample 4 | P22: Sample 5 | Q22: Sample 6 | R22: Sample 7 | S22: Sample 8 | T22: Sample 9
B23: 45504 | C23: 50000 | D23: 86.468207 | E23: 0.45776367 | F23: 3379.6575 | G23: 208.19496 | H23: 3373.2387 | I23: 9.4363284e-10
B24: 45504 | C24: 35714.285 | D24: -4.9153306 | E24: 0.45776367 | F24: 1616.6058 | G24: 1610.6606 | H24: -138.51646 | I24: -3.2171905e-08
B25: 45504 | C25: 25641.025 | D25: -14.329717 | E25: 0.45776367 | F25: 1672.8175 | G25: 1620.7719 | H25: -414.02495 | I25: -1.4991954e-08
B26: 45504 | C26: 18390.805 | D26: 9.0244468 | E26: 0.68664551 | F26: 2531.8663 | G26: 2500.5256 | H26: 397.1381 | I26: 2.1791034e-08
B27: 45504 | C27: 13136.289 | D27: 24.133168 | E27: 0.68664551 | F27: 3119.523 | G27: 2846.8694 | H27: 1275.4445 | I27: 9.4991745e-09
B28: 45504 | C28: 9302.3262 | D28: 34.518309 | E28: 0.68664551 | F28: 3756.8428 | G28: 3095.4324 | H28: 2128.8884 | I28: 8.0366613e-09
B29: 45504 | C29: 6644.5186 | D29: 42.937116 | E29: 0.68664551 | F29: 4631.2923 | G29: 3390.5773 | H29: 3154.8144 | I29: 7.5924649e-09
B30: 45504 | C30: 4761.9048 | D30: 48.644441 | E30: 0.77819824 | F30: 5561.8974 | G30: 3674.9116 | H30: 4174.8925 | I30: 8.0056044e-09
B31: 45504 | C31: 3401.3606 | D31: 54.828406 | E31: 0.73699951 | F31: 7327.3511 | G31: 4220.753 | H31: 5989.6008 | I31: 7.8121321e-09
B32: 45504 | C32: 2433.8301 | D32: 60.520559 | E32: 0.075531006 | F32: 9347.864 | G32: 4600.1888 | H32: 8137.6179 | I32: 8.0358641e-09
B33: 45504 | C33: 1732.7268 | D33: 65.040325 | E33: 0.076446533 | F33: 12191.391 | G33: 5144.5268 | H33: 11052.776 | I33: 8.3103374e-09
B34: 45504 | C34: 1238.3901 | D34: 67.933389 | E34: 0.078277588 | F34: 16247.556 | G34: 6103.9514 | H34: 15057.386 | I34: 8.5351876e-09
... B62: 45504 | C62: 0.10000128 | D62: -7.5272857 | E62: 0.23387504 | F62: 86541.181 | G62: 85795.42 | H62: -11336.75 | I62: -0.00014038671
K64: Summary of results
K66: Add in here average values, tables, figures or any result you've got

Sheet Biosensor3_60%
D3: Lab-Book
H5: Supervisor: | I5: Johann F. Osma
B8: Experiment Nº: | C8: 35 | H8: Researcher: | I8: =Description!I8 -> Ailin Prado Falla
B9: Title: | C9: EIS for biosensor 3 with APAP 15% | H9: Starting Date: | I9: 45505
B11: Description of the experiment
B13: EIS for APAP 60% in biosensor 3 using remotly controlled syringe pumps and commercial potentiostat.
B20: Measurement: | K20: Calculation and/or formula:
B21: Date | C21: Description | K21: Date | L21: Description
C22: freq / Hz | D22: neg. Phase / ° | E22: Idc / uA | F22: Z / Ohm | G22: Z' / Ohm | H22: -Z'' / Ohm | I22: Cs / F | L22: Sample 1 | M22: Sample 2 | N22: Sample 3 | O22: Sample 4 | P22: Sample 5 | Q22: Sample 6 | R22: Sample 7 | S22: Sample 8 | T22: Sample 9
B23: 45505 | C23: 50000 | D23: 71.944915 | E23: 0.45776367 | F23: 3902.5496 | G23: 1209.5219 | H23: 3710.3841 | I23: 8.5788932e-10
B24: 45505 | C24: 35714.285 | D24: 2.9951888 | E24: 0.45776367 | F24: 1891.6456 | G24: 1889.0615 | H24: 98.842454 | I24: 4.5085268e-08
B25: 45505 | C25: 25641.025 | D25: 0.86963312 | E25: 0.45776367 | F25: 2935.6117 | G25: 2935.2736 | H25: 44.554889 | I25: 1.3931227e-07
B26: 45505 | C26: 18390.805 | D26: 21.323855 | E26: 0.86975098 | F26: 9251.4725 | G26: 8618.1158 | H26: 3364.1971 | I26: 2.5723968e-09
B27: 45505 | C27: 13136.289 | D27: 19.894768 | E27: 0.86975098 | F27: 11009.448 | G27: 10352.395 | H27: 3746.4457 | I27: 3.2339105e-09
B28: 45505 | C28: 9302.3262 | D28: 28.773534 | E28: 0.96130371 | F28: 11561.335 | G28: 10133.847 | H28: 5565.0352 | I28: 3.074402e-09
B29: 45505 | C29: 6644.5186 | D29: 35.128145 | E29: 0.96130371 | F29: 14370.221 | G29: 11752.932 | H29: 8268.7267 | I29: 2.8967964e-09
B30: 45505 | C30: 4761.9048 | D30: 35.154452 | E30: 1.0528564 | F30: 16648.38 | G30: 13611.763 | H30: 9585.8465 | I30: 3.4866548e-09
B31: 45505 | C31: 3401.3606 | D31: 29.507983 | E31: 1.0483027 | F31: 22179.49 | G31: 19302.523 | H31: 10924.393 | I31: 4.2832176e-09
B32: 45505 | C32: 2433.8301 | D32: 28.871641 | E32: 0.1094079 | F32: 24673.885 | G32: 21607.01 | H32: 11913.761 | I32: 5.4888454e-09
B33: 45505 | C33: 1732.7268 | D33: 31.231205 | E33: 0.11307001 | F33: 26652.181 | G33: 22789.801 | H33: 13818.964 | I33: 6.6468298e-09
B34: 45505 | C34: 1238.3901 | D34: 35.406472 | E34: 0.11673212 | F34: 29163.813 | G34: 23770.326 | H34: 16896.733 | I34: 7.6060628e-09
... B62: 45505 | C62: 0.10000128 | D62: -11.523685 | E62: 0.27956057 | F62: 73830.232 | G62: 72341.977 | H62: -14749.288 | I62: -0.00010790548
K64: Summary of results
K66: Add in here average values, tables, figures or any result you've got

Sheet Biosensor4_0%
D3: Lab-Book
H5: Supervisor: | I5: Johann F. Osma
B8: Experiment Nº: | C8: 36 | H8: Researcher: | I8: =Description!I8 -> Ailin Prado Falla
B9: Title: | C9: EIS for biosensor 4 with APAP 15% | H9: Starting Date: | I9: 45628
B11: Description of the experiment
B13: EIS for APAP 0% in biosensor 4 using remotly controlled syringe pumps and commercial potentiostat.
B20: Measurement: | N20: Calculation and/or formula:
B21: Date | C21: Description | N21: Date | O21: Description
C22: freq / Hz | D22: neg. Phase / ° | E22: Idc / uA | F22: Z / Ohm | G22: Z' / Ohm | H22: -Z'' / Ohm | I22: Cs / F | O22: Sample 1 | P22: Sample 2 | Q22: Sample 3 | R22: Sample 4 | S22: Sample 5 | T22: Sample 6 | U22: Sample 7 | V22: Sample 8 | W22: Sample 9
B23: 45628 | C23: 50000 | D23: -74.290403 | E23: 465.5528 | F23: 820.35546 | G23: 222.12084 | H23: -789.71223 | I23: -4.0307073e-09
B24: 45628 | C24: 35714.285 | D24: -53.103782 | E24: 466.46832 | F24: 610.49306 | G24: 366.52015 | H24: -488.22613 | I24: -9.1276115e-09
B25: 45628 | C25: 25641.025 | D25: -64.453979 | E25: 474.70807 | F25: 407.36691 | G25: 175.67125 | H25: -367.54239 | I25: -1.6887965e-08
B26: 45628 | C26: 18390.805 | D26: -63.994185 | E26: 466.78876 | F26: 274.93471 | G26: 120.54852 | H26: -247.09745 | I26: -3.5022822e-08
B27: 45628 | C27: 13136.289 | D27: -49.795297 | E27: 479.14862 | F27: 169.61767 | G27: 109.49167 | H27: -129.54432 | I27: -9.352529e-08
B28: 45628 | C28: 9302.3262 | D28: -14.482904 | E28: 486.65594 | F28: 124.78648 | G28: 120.82105 | H28: -31.207991 | I28: -5.4822995e-07
B29: 45628 | C29: 6644.5186 | D29: 18.637934 | E29: 482.90228 | F29: 157.66957 | G29: 149.40091 | H29: 50.389103 | I29: 4.753571e-07
B30: 45628 | C30: 4761.9048 | D30: 30.383357 | E30: 475.48627 | F30: 226.38186 | G30: 195.29072 | H30: 114.50014 | I30: 2.9189953e-07
B31: 45628 | C31: 3401.3606 | D31: 32.952582 | E31: 466.88031 | F31: 303.60165 | G31: 254.75853 | H31: 165.14252 | I31: 2.8334042e-07
B32: 45628 | C32: 2433.8301 | D32: 28.553507 | E32: 475.21161 | F32: 372.8073 | G32: 327.46317 | H32: 178.19415 | I32: 3.6697496e-07
B33: 45628 | C33: 1732.7268 | D33: 23.354295 | E33: 471.45795 | F33: 421.22748 | G33: 386.71679 | H33: 166.98118 | I33: 5.5007578e-07
B34: 45628 | C34: 1238.3901 | D34: 18.300349 | E34: 460.56296 | F34: 459.8961 | G34: 436.63619 | H34: 144.40657 | I34: 8.899707e-07
... B62: 45628 | C62: 0.10000128 | D62: -5.1955981 | E62: 432.36447 | F62: 431.04354 | G62: 429.27254 | H62: -39.033608 | I62: -0.0407733
N184: Summary of results
N186: Add in here average values, tables, figures or any result you've got

Sheet Biosensor4_15%
D3: Lab-Book
H5: Supervisor: | I5: Johann F. Osma
B8: Experiment Nº: | C8: 37 | H8: Researcher: | I8: =Description!I8 -> Ailin Prado Falla
B9: Title: | C9: EIS for biosensor 1 with APAP 15% | H9: Starting Date: | I9: 45506
B11: Description of the experiment
B13: EIS for APAP 15% in biosensor 4 using remotly controlled syringe pumps and commercial potentiostat.
B20: Measurement: | L20: Calculation and/or formula:
B21: Date | C21: Description | L21: Date | M21: Description
C22: freq / Hz | D22: neg. Phase / ° | E22: Idc / uA | F22: Z / Ohm | G22: Z' / Ohm | H22: -Z'' / Ohm | I22: Cs / F | M22: Sample 1 | N22: Sample 2 | O22: Sample 3 | P22: Sample 4 | Q22: Sample 5 | R22: Sample 6 | S22: Sample 7 | T22: Sample 8 | U22: Sample 9
B23: 45506 | C23: 50000 | D23: 66.598416 | E23: 16.021729 | F23: 4748.0976 | G23: 1885.8174 | H23: 4357.5364 | I23: 7.304813e-10
B24: 45506 | C24: 35714.285 | D24: 12.764962 | E24: 15.106201 | F24: 2372.4989 | G24: 2313.8618 | H24: 524.20869 | I24: 8.501077e-09
B25: 45506 | C25: 25641.025 | D25: -15.058533 | E25: 14.190674 | F25: 4266.2584 | G25: 4119.7589 | H25: -1108.3982 | I25: -5.6000116e-09
B26: 45506 | C26: 18390.805 | D26: -44.208657 | E26: 14.053583 | F26: 13268.982 | G26: 9511.2765 | H26: -9252.1086 | I26: -9.3535975e-10
B27: 45506 | C27: 13136.289 | D27: -32.370389 | E27: 13.96203 | F27: 9823.5047 | G27: 8296.9785 | H27: -5259.4098 | I27: -2.3036178e-09
B28: 45506 | C28: 9302.3262 | D28: -10.981634 | E28: 14.145136 | F28: 9141.3469 | G28: 8973.9532 | H28: -1741.3747 | I28: -9.8250858e-09
B29: 45506 | C29: 6644.5186 | D29: 3.2615949 | E29: 14.236689 | F29: 10147.393 | G29: 10130.956 | H29: 577.33419 | I29: 4.1488653e-08
B30: 45506 | C30: 4761.9048 | D30: 11.073084 | E30: 13.595819 | F30: 11438.026 | G30: 11225.084 | H30: 2196.7982 | I30: 1.5214205e-08
B31: 45506 | C31: 3401.3606 | D31: 8.0868683 | E31: 13.31656 | F31: 14033.688 | G31: 13894.136 | H31: 1974.1796 | I31: 2.3701771e-08
B32: 45506 | C32: 2433.8301 | D32: 6.5630984 | E32: 1.3215828 | F32: 15384.101 | G32: 15283.282 | H32: 1758.3618 | I32: 3.7189611e-08
B33: 45506 | C33: 1732.7268 | D33: 5.272896 | E33: 1.3096809 | F33: 16090.764 | G33: 16022.672 | H33: 1478.7339 | I33: 6.2115504e-08
B34: 45506 | C34: 1238.3901 | D34: 3.9448068 | E34: 1.2858772 | F34: 16510.134 | G34: 16471.018 | H34: 1135.8227 | I34: 1.1314936e-07
... B62: 45506 | C62: 0.10000128 | D62: 3.2224037 | E62: 0.66427112 | F62: 23938.489 | G62: 23900.639 | H62: 1345.6282 | I62: 0.0011827406
L64: Summary of results
L66: Add in here average values, tables, figures or any result you've got

Sheet Biosensor4_30%
D3: Lab-Book
H5: Supervisor: | I5: Johann F. Osma
B8: Experiment Nº: | C8: 38 | H8: Researcher: | I8: =Description!I8 -> Ailin Prado Falla
B9: Title: | C9: EIS for biosensor 4 with APAP 15% | H9: Starting Date: | I9: 45503
B11: Description of the experiment
B13: EIS for APAP 30% in biosensor 4 using remotly controlled syringe pumps and commercial potentiostat.
B20: Measurement: | L20: Calculation and/or formula:
B21: Date | C21: Description | L21: Date | M21: Description
C22: freq / Hz | D22: neg. Phase / ° | E22: Idc / uA | F22: Z / Ohm | G22: Z' / Ohm | H22: -Z'' / Ohm | I22: Cs / F | M22: Sample 1 | N22: Sample 2 | O22: Sample 3 | P22: Sample 4 | Q22: Sample 5 | R22: Sample 6 | S22: Sample 7 | T22: Sample 8 | U22: Sample 9
B23: 45503 | C23: 50000 | D23: 63.994433 | E23: 6.8664551 | F23: 4479.5793 | G23: 1964.1095 | H23: 4026.0284 | I23: 7.9063e-10
B24: 45503 | C24: 35714.285 | D24: 7.0706315 | E24: 6.8664551 | F24: 2357.3112 | G24: 2339.3842 | H24: 290.16806 | I24: 1.5357784e-08
B25: 45503 | C25: 25641.025 | D25: -19.913627 | E25: 6.8664551 | F25: 3259.2795 | G25: 3064.3978 | H25: -1110.121 | I25: -5.5913212e-09
B26: 45503 | C26: 18390.805 | D26: -27.083211 | E26: 6.9122314 | F26: 5651.5367 | G26: 5031.8245 | H26: -2573.0544 | I26: -3.3633373e-09
B27: 45503 | C27: 13136.289 | D27: 1.0865228 | E27: 6.8206787 | F27: 5381.9077 | G27: 5380.94 | H27: 102.05315 | I27: 1.1871921e-07
B28: 45503 | C28: 9302.3262 | D28: 20.711805 | E28: 6.6375732 | F28: 6666.6008 | G28: 6235.7462 | H28: 2357.7605 | I28: 7.256528e-09
B29: 45503 | C29: 6644.5186 | D29: 27.43791 | E29: 6.5460205 | F29: 8651.4848 | G29: 7678.2853 | H29: 3986.4926 | I29: 6.0084942e-09
B30: 45503 | C30: 4761.9048 | D30: 27.617313 | E30: 6.4544678 | F30: 10229.397 | G30: 9063.8961 | H30: 4741.9783 | I30: 7.0482267e-09
B31: 45503 | C31: 3401.3606 | D31: 22.323173 | E31: 6.3950539 | F31: 12872.349 | G31: 11907.646 | H31: 4889.3083 | I31: 9.5701783e-09
B32: 45503 | C32: 2433.8301 | D32: 20.184321 | E32: 0.63401222 | F32: 14035.503 | G32: 13173.547 | H32: 4842.8291 | I32: 1.3503014e-08
B33: 45503 | C33: 1732.7268 | D33: 19.682445 | E33: 0.62943459 | F33: 14884.245 | G33: 14014.614 | H33: 5013.1146 | I33: 1.8322402e-08
B34: 45503 | C34: 1238.3901 | D34: 20.134364 | E34: 0.62577248 | F34: 15812.04 | G34: 14845.735 | H34: 5442.8659 | I34: 2.3612122e-08
... B62: 45503 | C62: 0.10000128 | D62: 7.003441 | E62: 0.41881442 | F62: 58523.53 | G62: 58086.876 | H62: 7135.7127 | I62: 0.00022303715
L64: Summary of results
L66: Add in here average values, tables, figures or any result you've got

Sheet Biosensor4_45%
D3: Lab-Book
H5: Supervisor: | I5: Johann F. Osma
B8: Experiment Nº: | C8: 39 | H8: Researcher: | I8: =Description!I8 -> Ailin Prado Falla
B9: Title: | C9: EIS for biosensor 4 with APAP 15% | H9: Starting Date: | I9: 45504
B11: Description of the experiment
B13: EIS for APAP 45% in biosensor 4 using remotly controlled syringe pumps and commercial potentiostat.
B20: Measurement: | K20: Calculation and/or formula:
B21: Date | C21: Description | K21: Date | L21: Description
C22: freq / Hz | D22: neg. Phase / ° | E22: Idc / uA | F22: Z / Ohm | G22: Z' / Ohm | H22: -Z'' / Ohm | I22: Cs / F | L22: Sample 1 | M22: Sample 2 | N22: Sample 3 | O22: Sample 4 | P22: Sample 5 | Q22: Sample 6 | R22: Sample 7 | S22: Sample 8 | T22: Sample 9
B23: 45504 | C23: 50000 | D23: 89.914561 | E23: 18.768311 | F23: 3033.2283 | G23: 4.5231274 | H23: 3033.2249 | I23: 1.0494108e-09
B24: 45504 | C24: 35714.285 | D24: -4.1522631 | E24: 18.768311 | F24: 1532.9879 | G24: 1528.964 | H24: -110.99943 | I24: -4.01474e-08
B25: 45504 | C25: 25641.025 | D25: -11.625511 | E25: 17.852783 | F25: 1780.6425 | G25: 1744.1137 | H25: -358.82448 | I25: -1.729827e-08
B26: 45504 | C26: 18390.805 | D26: 0.73381839 | E26: 17.898798 | F26: 2848.3722 | G26: 2848.1385 | H26: 36.479663 | I26: 2.3722944e-07
B27: 45504 | C27: 13136.289 | D27: 8.741089 | E27: 17.807245 | F27: 3181.9194 | G27: 3144.9619 | H27: 483.55524 | I27: 2.50554e-08
B28: 45504 | C28: 9302.3262 | D28: 15.968867 | E28: 17.990351 | F28: 3517.3777 | G28: 3381.6468 | H28: 967.68333 | I28: 1.7680531e-08
B29: 45504 | C29: 6644.5186 | D29: 20.239833 | E29: 17.715693 | F29: 3948.6533 | G29: 3704.8347 | H29: 1366.0389 | I29: 1.7534507e-08
B30: 45504 | C30: 4761.9048 | D30: 23.177303 | E30: 17.532587 | F30: 4349.4716 | G30: 3998.4315 | H30: 1711.8554 | I30: 1.952416e-08
B31: 45504 | C31: 3401.3606 | D31: 25.047188 | E31: 17.308308 | F31: 4984.4661 | G31: 4515.724 | H31: 2110.2462 | I31: 2.2173504e-08
B32: 45504 | C32: 2433.8301 | D32: 27.616895 | E32: 1.7280842 | F32: 5570.1435 | G32: 4935.52 | H32: 2582.0808 | I32: 2.5325617e-08
B33: 45504 | C33: 1732.7268 | D33: 29.653212 | E33: 1.7024494 | F33: 6308.9433 | G33: 5482.6977 | H33: 3121.3445 | I33: 2.9427159e-08
B34: 45504 | C34: 1238.3901 | D34: 30.779792 | E34: 1.6969563 | F34: 7257.9386 | G34: 6235.5885 | H34: 3714.1767 | I34: 3.4601911e-08
... B62: 45504 | C62: 0.10000128 | D62: 5.6372113 | E62: 1.2501717 | F62: 17514.87 | G62: 17430.165 | H62: 1720.4724 | I62: 0.00092505352
K64: Summary of results
K66: Add in here average values, tables, figures or any result you've got

Sheet Biosensor4_60%
D3: Lab-Book
H5: Supervisor: | I5: Johann F. Osma
B8: Experiment Nº: | C8: 40 | H8: Researcher: | I8: =Description!I8 -> Ailin Prado Falla
B9: Title: | C9: EIS for biosensor 4 with APAP 15% | H9: Starting Date: | I9: 45505
B11: Description of the experiment
B13: EIS for APAP 60% in biosensor 4 using remotly controlled syringe pumps and commercial potentiostat.
B20: Measurement: | K20: Calculation and/or formula:
B21: Date | C21: Description | K21: Date | L21: Description
C22: freq / Hz | D22: neg. Phase / ° | E22: Idc / uA | F22: Z / Ohm | G22: Z' / Ohm | H22: -Z'' / Ohm | I22: Cs / F | L22: Sample 1 | M22: Sample 2 | N22: Sample 3 | O22: Sample 4 | P22: Sample 5 | Q22: Sample 6 | R22: Sample 7 | S22: Sample 8 | T22: Sample 9
B23: 45505 | C23: 50000 | D23: 75.101371 | E23: 17.852783 | F23: 3386.9305 | G23: 870.81258 | H23: 3273.0694 | I23: 9.7251186e-10
B24: 45505 | C24: 35714.285 | D24: -4.3446218 | E24: 16.937256 | F24: 1848.3898 | G24: 1843.0784 | H24: -140.02534 | I24: -3.1825228e-08
B25: 45505 | C25: 25641.025 | D25: -23.467236 | E25: 16.937256 | F25: 2186.8233 | G25: 2005.9467 | H25: -870.84682 | I25: -7.1275943e-09
B26: 45505 | C26: 18390.805 | D26: -9.2766554 | E26: 16.708612 | F26: 3273.6534 | G26: 3230.8388 | H26: -527.71856 | I26: -1.6398987e-08
B27: 45505 | C27: 13136.289 | D27: 4.2416683 | E27: 16.342402 | F27: 3716.2431 | G27: 3706.0641 | H27: 274.86624 | I27: 4.4078421e-08
B28: 45505 | C28: 9302.3262 | D28: 13.132541 | E28: 16.433954 | F28: 4267.539 | G28: 4155.9305 | H28: 969.6038 | I28: 1.7645512e-08
B29: 45505 | C29: 6644.5186 | D29: 16.806984 | E29: 16.067743 | F29: 4921.1945 | G29: 4710.9821 | H29: 1422.9559 | I29: 1.6833141e-08
B30: 45505 | C30: 4761.9048 | D30: 17.686095 | E30: 15.701532 | F30: 5378.6487 | G30: 5124.4282 | H30: 1634.0435 | I30: 2.0453885e-08
B31: 45505 | C31: 3401.3606 | D31: 16.382888 | E31: 15.35821 | F31: 6058.7849 | G31: 5812.7876 | H31: 1708.9102 | I31: 2.7380932e-08
B32: 45505 | C32: 2433.8301 | D32: 16.944287 | E32: 1.5111017 | F32: 6473.1247 | G32: 6192.1173 | H32: 1886.5383 | I32: 3.4662848e-08
B33: 45505 | C33: 1732.7268 | D33: 17.725526 | E33: 1.4836335 | F33: 6892.2839 | G33: 6565.0791 | H33: 2098.4072 | I33: 4.377239e-08
B34: 45505 | C34: 1238.3901 | D34: 18.452838 | E34: 1.4488435 | F34: 7402.1091 | G34: 7021.5261 | H34: 2342.9449 | I34: 5.4853024e-08
... B62: 45505 | C62: 0.10000128 | D62: 12.285516 | E62: 0.87663174 | F62: 20021.358 | G62: 19562.857 | H62: 4260.2122 | I62: 0.00037357975
K64: Summary of results
K66: Add in here average values, tables, figures or any result you've got

Sheet Average sensores
D3: Lab-Book
H5: Supervisor: | I5: Johann F. Osma
B8: Experiment Nº: | H8: Researcher: | I8: =Description!I8 -> Ailin Prado Falla
B9: Title: | C9: Average EIS measurements for four sensors with different concentrations of APAP (0%, 15%, 30%, 60%) | H9: Starting Date: | I9: 45632
B11: Description of the experiment
B13: Average EIS measurements for four biosensors with different concentrations of APAP (0%, 15%, 30%, 60%)
B20: Measurement: | AT20: Calculation and/or formula: | BE20: filtered
C21: Description | D21: Sensor 1 0% | F21: Sensor 1 15% | H21: Sensor 1 30% | J21: Sensor1 45% | L21: Sensor1 60% | N21: Sensor 2 0% | P21: Sensor 2 15% | R21: Sensor 2 30% | T21: Sensor2 45% | V21: Sensor2 60% | X21: Sensor 3 0% | Z21: Sensor 3 15% | AB21: Sensor 3 30% | AD21: Sensor3 45% | AF21: Sensor3 60% | AH21: Sensor 4 0% | AJ21: Sensor 4 15% | AL21: Sensor 4 30% | AN21: Sensor4 45% | AP21: Sensor4 60% | AT21: Date | AU21: Average 0% | AW21: Avarage 15% | AY21: Average 30% | BA21: Average 45% | BC21: Average 60% | BE21: Average 0% | BG21: Avarage 15% | BI21: Average 30% | BK21: Average 45% | BM21: Average 60% | BO21: Average 0% | BQ21: Avarage 15% | BS21: Average 30% | BU21: Average 45% | BW21: Average 60%
C22: freq / Hz | D22: Z' / Ohm | E22: -Z'' / Ohm | F22: Z' / Ohm | G22: -Z'' / Ohm | H22: Z' / Ohm | I22: -Z'' / Ohm | J22: Z' / Ohm | K22: -Z'' / Ohm | L22: Z' / Ohm | M22: -Z'' / Ohm | N22: Z' / Ohm | O22: -Z'' / Ohm | P22: Z' / Ohm | Q22: -Z'' / Ohm | R22: Z' / Ohm | S22: -Z'' / Ohm | T22: Z' / Ohm | U22: -Z'' / Ohm | V22: Z' / Ohm | W22: -Z'' / Ohm | X22: Z' / Ohm | Y22: -Z'' / Ohm | Z22: Z' / Ohm | AA22: -Z'' / Ohm | AB22: Z' / Ohm | AC22: -Z'' / Ohm | AD22: Z' / Ohm | AE22: -Z'' / Ohm | AF22: Z' / Ohm | AG22: -Z'' / Ohm | AH22: Z' / Ohm | AI22: -Z'' / Ohm | AJ22: Z' / Ohm | AK22: -Z'' / Ohm | AL22: Z' / Ohm | AM22: -Z'' / Ohm | AN22: Z' / Ohm | AO22: -Z'' / Ohm | AP22: Z' / Ohm | AQ22: -Z'' / Ohm | AU22: Z' / Ohm | AV22: -Z'' / Ohm | AW22: Z' / Ohm | AX22: -Z'' / Ohm | AY22: Z' / Ohm | AZ22: -Z'' / Ohm | BA22: Z' / Ohm | BB22: -Z'' / Ohm | BC22: Z' / Ohm | BD22: -Z'' / Ohm | BE22: Z' / Ohm | BF22: -Z'' / Ohm | BG22: Z' / Ohm | BH22: -Z'' / Ohm | BI22: Z' / Ohm | BJ22: -Z'' / Ohm | BK22: Z' / Ohm | BL22: -Z'' / Ohm | BM22: Z' / Ohm | BN22: -Z'' / Ohm | BO22: Z' / Ohm | BP22: -Z'' / Ohm | BQ22: Z' / Ohm | BR22: -Z'' / Ohm | BS22: Z' / Ohm | BT22: -Z'' / Ohm | BU22: Z' / Ohm | BV22: -Z'' / Ohm | BW22: Z' / Ohm | BX22: -Z'' / Ohm
C23: 50000 | D23: ='Sensor1_0%'!G23 -> 62.23036 | E23: ='Sensor1_0%'!H23 -> 2523.699 | F23: ='Sensor1_15%'!G23 -> 364.2505 | G23: ='Sensor1_15%'!H23 -> 3102.587 | H23: ='Sensor1_30%'!G23 -> 1246.3413 | I23: ='Sensor1_30%'!H23 -> -824.93548 | J23: ='Sensor1_45%'!G23 -> 954.84551 | K23: ='Sensor1_45%'!H23 -> -1481.5474 | L23: ='Sensor1_60%'!G23 -> 1192.0212 | M23: ='Sensor1_60%'!H23 -> -688.36398 | N23: ='Sensor2_0%'!G23 -> 1602.5709 | O23: ='Sensor2_0%'!H23 -> 3471.2537 | P23: =' Sensor2_15%'!G23 -> 1022.1846 | Q23: =' Sensor2_15%'!H23 -> 3480.8912 | R23: ='Sensor2_30%'!G23 -> -25.892877 | S23: ='Sensor2_30%'!H23 -> 2631.1866 | T23: ='Sensor2_45%'!G23 -> 200.66823 | U23: ='Sensor2_45%'!H23 -> -263.38086 | V23: ='Sensor2_60%'!G23 -> 659.84417 | W23: ='Sensor2_60%'!H23 -> 3398.2925 | X23: ='Sensor3_0%'!G23 -> 1305.0787 | Y23: ='Sensor3_0%'!H23 -> 3497.5362 | Z23: ='Sensor3_15%'!G23 -> 1022.1846 | AA23: ='Sensor3_15%'!H23 -> 3480.8912 | AB23: ='Sensor3_30%'!G23 -> 786.33899 | AC23: ='Sensor3_30%'!H23 -> 3636.2395 | AD23: ='Sensor3_45%'!G23 -> 210.64103 | AE23: ='Sensor3_45%'!H23 -> -1903.8736 | AF23: ='Sensor3_60%'!G23 -> 760.48003 | AG23: ='Sensor3_60%'!H23 -> -1057.5658 | AH23: ='Sensor4_0%'!G23 -> 2358.258 | AI23: ='Sensor4_0%'!H23 -> 4255.3839 | AJ23: ='Sensor4_15%'!G23 -> 1877.3961 | AK23: ='Sensor4_15%'!H23 -> 3651.1057 | AL23: ='Sensor4_30%'!G23 -> 23.529581 | AM23: ='Sensor4_30%'!H23 -> 3237.8512 | AN23: ='Sensor4_45%'!G23 -> 23.529581 | AO23: ='Sensor4_45%'!H23 -> 3237.8512 | AP23: ='Sensor4_60%'!G23 -> 669.97123 | AQ23: ='Sensor4_60%'!H23 -> -2173.6392 | AU23: =AVERAGE(D23,X23,AH23) -> 1241.8557 | AV23: =AVERAGE(E23,Y23,AI23) -> 3425.5397 | AW23: =AVERAGE(F23,Z23,AJ23) -> 1087.9437 | AX23: =AVERAGE(G23,AA23,AK23) -> 3411.5279 | AY23: =AVERAGE(H23,AB23,AL23) -> 685.40329 | AZ23: =AVERAGE(I23,AC23,AM23) -> 2016.3851 | BA23: =AVERAGE(J23,AD23,AN23) -> 396.33871 | BB23: =AVERAGE(K23,AE23,AO23) -> -49.189911 | ... BD23: =AVERAGE(M23,AG23,AQ23) -> -1306.523
C24: 35714.285 | D24: ='Sensor1_0%'!G24 -> 1513.2875 | E24: ='Sensor1_0%'!H24 -> -455.85832 | F24: ='Sensor1_15%'!G24 -> 1646.8321 | G24: ='Sensor1_15%'!H24 -> -224.69971 | H24: ='Sensor1_30%'!G24 -> 903.91015 | I24: ='Sensor1_30%'!H24 -> 72.718331 | J24: ='Sensor1_45%'!G24 -> 965.95543 | K24: ='Sensor1_45%'!H24 -> -161.01365 | L24: ='Sensor1_60%'!G24 -> 830.73575 | M24: ='Sensor1_60%'!H24 -> 156.86611 | N24: ='Sensor2_0%'!G24 -> 1922.9056 | O24: ='Sensor2_0%'!H24 -> 58.792558 | P24: =' Sensor2_15%'!G24 -> 2001.2235 | Q24: =' Sensor2_15%'!H24 -> -49.893189 | R24: ='Sensor2_30%'!G24 -> 1604.8089 | S24: ='Sensor2_30%'!H24 -> -451.0792 | T24: ='Sensor2_45%'!G24 -> 187.3687 | U24: ='Sensor2_45%'!H24 -> -124.93998 | V24: ='Sensor2_60%'!G24 -> 1977.4099 | W24: ='Sensor2_60%'!H24 -> 52.808028 | X24: ='Sensor3_0%'!G24 -> 2122.3544 | Y24: ='Sensor3_0%'!H24 -> 34.812058 | Z24: ='Sensor3_15%'!G24 -> 2213.3028 | AA24: ='Sensor3_15%'!H24 -> -101.17042 | AB24: ='Sensor3_30%'!G24 -> 1962.7836 | AC24: ='Sensor3_30%'!H24 -> -181.66302 | AD24: ='Sensor3_45%'!G24 -> 1141.5844 | AE24: ='Sensor3_45%'!H24 -> -505.30455 | AF24: ='Sensor3_60%'!G24 -> 801.25642 | AG24: ='Sensor3_60%'!H24 -> -172.77713 | AH24: ='Sensor4_0%'!G24 -> 2286.21 | AI24: ='Sensor4_0%'!H24 -> 557.83631 | AJ24: ='Sensor4_15%'!G24 -> 2330.2558 | AK24: ='Sensor4_15%'!H24 -> 369.78494 | AL24: ='Sensor4_30%'!G24 -> 1611.8577 | AM24: ='Sensor4_30%'!H24 -> -187.88887 | AN24: ='Sensor4_45%'!G24 -> 1611.4751 | AO24: ='Sensor4_45%'!H24 -> -208.44701 | AP24: ='Sensor4_60%'!G24 -> 1183.1473 | AQ24: ='Sensor4_60%'!H24 -> -199.97046 | AU24: =AVERAGE(D24,X24,AH24) -> 1973.9506 | AV24: =AVERAGE(E24,Y24,AI24) -> 45.596681 | AW24: =AVERAGE(F24,Z24,AJ24) -> 2063.4636 | AX24: =AVERAGE(G24,AA24,AK24) -> 14.638268 | AY24: =AVERAGE(H24,AB24,AL24) -> 1492.8505 | AZ24: =AVERAGE(I24,AC24,AM24) -> -98.94452 | BA24: =AVERAGE(J24,AD24,AN24) -> 1239.6716 | BB24: =AVERAGE(K24,AE24,AO24) -> -291.5884 | ... BD24: =AVERAGE(M24,AG24,AQ24) -> -71.960495
C25: 25641.025 | D25: ='Sensor1_0%'!G25 -> 1042.0636 | E25: ='Sensor1_0%'!H25 -> -1030.0692 | F25: ='Sensor1_15%'!G25 -> 1491.3467 | G25: ='Sensor1_15%'!H25 -> -573.3539 | H25: ='Sensor1_30%'!G25 -> 1163.6315 | I25: ='Sensor1_30%'!H25 -> 78.512417 | J25: ='Sensor1_45%'!G25 -> 1045.7912 | K25: ='Sensor1_45%'!H25 -> -235.79087 | L25: ='Sensor1_60%'!G25 -> 1122.9492 | M25: ='Sensor1_60%'!H25 -> 284.12389 | N25: ='Sensor2_0%'!G25 -> 2362.4677 | O25: ='Sensor2_0%'!H25 -> -167.50018 | P25: =' Sensor2_15%'!G25 -> 1974.0374 | Q25: =' Sensor2_15%'!H25 -> -717.23083 | R25: ='Sensor2_30%'!G25 -> 1303.6177 | S25: ='Sensor2_30%'!H25 -> -1028.3828 | T25: ='Sensor2_45%'!G25 -> 166.05641 | U25: ='Sensor2_45%'!H25 -> -84.858414 | V25: ='Sensor2_60%'!G25 -> 2420.3642 | W25: ='Sensor2_60%'!H25 -> -1022.4779 | X25: ='Sensor3_0%'!G25 -> 2481.7506 | Y25: ='Sensor3_0%'!H25 -> -1572.8149 | Z25: ='Sensor3_15%'!G25 -> 2149.1545 | AA25: ='Sensor3_15%'!H25 -> -1472.8858 | AB25: ='Sensor3_30%'!G25 -> 1771.4043 | AC25: ='Sensor3_30%'!H25 -> -1388.7396 | AD25: ='Sensor3_45%'!G25 -> 816.14673 | AE25: ='Sensor3_45%'!H25 -> -567.67808 | AF25: ='Sensor3_60%'!G25 -> 786.93087 | AG25: ='Sensor3_60%'!H25 -> -175.45425 | AH25: ='Sensor4_0%'!G25 -> 3897.4077 | AI25: ='Sensor4_0%'!H25 -> -931.90966 | AJ25: ='Sensor4_15%'!G25 -> 3582.2733 | AK25: ='Sensor4_15%'!H25 -> -1427.0326 | AL25: ='Sensor4_30%'!G25 -> 1515.63 | AM25: ='Sensor4_30%'!H25 -> -591.84897 | AN25: ='Sensor4_45%'!G25 -> 1566.1051 | AO25: ='Sensor4_45%'!H25 -> -569.64231 | AP25: ='Sensor4_60%'!G25 -> 1206.5638 | AQ25: ='Sensor4_60%'!H25 -> -235.13259 | AU25: =AVERAGE(D25,X25,AH25) -> 2473.7406 | AV25: =AVERAGE(E25,Y25,AI25) -> -1178.2646 | AW25: =AVERAGE(F25,Z25,AJ25) -> 2407.5915 | AX25: =AVERAGE(G25,AA25,AK25) -> -1157.7574 | AY25: =AVERAGE(H25,AB25,AL25) -> 1483.5553 | AZ25: =AVERAGE(I25,AC25,AM25) -> -634.02539 | BA25: =AVERAGE(J25,AD25,AN25) -> 1142.681 | BB25: =AVERAGE(K25,AE25,AO25) -> -457.70375 | ... BD25: =AVERAGE(M25,AG25,AQ25) -> -42.154316 | BE25: =AVERAGE(AU23:AU27) -> 2583.0926 | BF25: =AVERAGE(AV23:AV27) -> -756.43417 | BG25: =AVERAGE(AW23:AW27) -> 2322.9577 | BH25: =AVERAGE(AX23:AX27) -> -184.93527 | BI25: =AVERAGE(AY23:AY27) -> 1445.9708 | BJ25: =AVERAGE(AZ23:AZ27) -> 160.12701 | BK25: =AVERAGE(BA23:BA27) -> 1214.9229 | BL25: =AVERAGE(BB23:BB27) -> -143.34587 | ... BN25: =AVERAGE(BD23:BD27) -> -90.314952
C26: 18390.805 | D26: ='Sensor1_0%'!G26 -> 727.87993 | E26: ='Sensor1_0%'!H26 -> -959.19184 | F26: ='Sensor1_15%'!G26 -> 2110.2853 | G26: ='Sensor1_15%'!H26 -> 258.17563 | H26: ='Sensor1_30%'!G26 -> 1611.8615 | I26: ='Sensor1_30%'!H26 -> 265.21712 | J26: ='Sensor1_45%'!G26 -> 1380.7372 | K26: ='Sensor1_45%'!H26 -> -170.84799 | L26: ='Sensor1_60%'!G26 -> 1506.5248 | M26: ='Sensor1_60%'!H26 -> 765.33241 | N26: ='Sensor2_0%'!G26 -> 1267.6949 | O26: ='Sensor2_0%'!H26 -> 473.84562 | P26: =' Sensor2_15%'!G26 -> 3372.7244 | Q26: =' Sensor2_15%'!H26 -> 1081.1572 | R26: ='Sensor2_30%'!G26 -> 1203.3123 | S26: ='Sensor2_30%'!H26 -> -1219.1935 | T26: ='Sensor2_45%'!G26 -> 167.32229 | U26: ='Sensor2_45%'!H26 -> -63.885437 | V26: ='Sensor2_60%'!G26 -> 3292.9628 | W26: ='Sensor2_60%'!H26 -> -2179.3516 | X26: ='Sensor3_0%'!G26 -> 2389.386 | Y26: ='Sensor3_0%'!H26 -> -2366.4955 | Z26: ='Sensor3_15%'!G26 -> 1998.4517 | AA26: ='Sensor3_15%'!H26 -> -2146.1422 | AB26: ='Sensor3_30%'!G26 -> 1595.9865 | AC26: ='Sensor3_30%'!H26 -> -1779.4988 | AD26: ='Sensor3_45%'!G26 -> 916.81472 | AE26: ='Sensor3_45%'!H26 -> -310.5384 | AF26: ='Sensor3_60%'!G26 -> 917.23941 | AG26: ='Sensor3_60%'!H26 -> -11.586281 | AH26: ='Sensor4_0%'!G26 -> 8759.7704 | AI26: ='Sensor4_0%'!H26 -> -8788.5149 | AJ26: ='Sensor4_15%'!G26 -> 5100.1255 | AK26: ='Sensor4_15%'!H26 -> -5607.2658 | AL26: ='Sensor4_30%'!G26 -> 2014.907 | AM26: ='Sensor4_30%'!H26 -> -145.79252 | AN26: ='Sensor4_45%'!G26 -> 2364.2784 | AO26: ='Sensor4_45%'!H26 -> 0.61850238 | AP26: ='Sensor4_60%'!G26 -> 1624.5956 | AQ26: ='Sensor4_60%'!H26 -> 203.71913 | AU26: =AVERAGE(D26,X26,AH26) -> 3959.0121 | AV26: =AVERAGE(E26,Y26,AI26) -> -4038.0674 | AW26: =AVERAGE(F26,Z26,AJ26) -> 3069.6208 | AX26: =AVERAGE(G26,AA26,AK26) -> -2498.4108 | AY26: =AVERAGE(H26,AB26,AL26) -> 1740.9183 | AZ26: =AVERAGE(I26,AC26,AM26) -> -553.35808 | BA26: =AVERAGE(J26,AD26,AN26) -> 1553.9434 | BB26: =AVERAGE(K26,AE26,AO26) -> -160.25596 | ... BD26: =AVERAGE(M26,AG26,AQ26) -> 319.15509 | BE26: =AVERAGE(AU24:AU28) -> 2974.4909 | BF26: =AVERAGE(AV24:AV28) -> -1468.3662 | BG26: =AVERAGE(AW24:AW28) -> 2780.0404 | BH26: =AVERAGE(AX24:AX28) -> -681.28388 | BI26: =AVERAGE(AY24:AY28) -> 1710.8298 | BJ26: =AVERAGE(AZ24:AZ28) -> -120.32392 | BK26: =AVERAGE(BA24:BA28) -> 1527.9287 | BL26: =AVERAGE(BB24:BB28) -> -15.631702 | ... BN26: =AVERAGE(BD24:BD28) -> 375.72134
C27: 13136.289 | D27: ='Sensor1_0%'!G27 -> 568.26733 | E27: ='Sensor1_0%'!H27 -> -393.86212 | F27: ='Sensor1_15%'!G27 -> 2655.1142 | G27: ='Sensor1_15%'!H27 -> 1240.9571 | H27: ='Sensor1_30%'!G27 -> 1744.6966 | I27: ='Sensor1_30%'!H27 -> 340.46901 | J27: ='Sensor1_45%'!G27 -> 1431.3608 | K27: ='Sensor1_45%'!H27 -> -60.138368 | L27: ='Sensor1_60%'!G27 -> 1667.868 | M27: ='Sensor1_60%'!H27 -> 1048.8033 | N27: ='Sensor2_0%'!G27 -> 1362.0155 | O27: ='Sensor2_0%'!H27 -> 1266.899 | P27: =' Sensor2_15%'!G27 -> 4596.8026 | Q27: =' Sensor2_15%'!H27 -> 3254.7063 | R27: ='Sensor2_30%'!G27 -> 1123.1553 | S27: ='Sensor2_30%'!H27 -> -869.54427 | T27: ='Sensor2_45%'!G27 -> 167.71119 | U27: ='Sensor2_45%'!H27 -> -43.523439 | V27: ='Sensor2_60%'!G27 -> 3235.522 | W27: ='Sensor2_60%'!H27 -> -1471.453 | X27: ='Sensor3_0%'!G27 -> 2366.9612 | Y27: ='Sensor3_0%'!H27 -> -878.21404 | Z27: ='Sensor3_15%'!G27 -> 1987.0052 | AA27: ='Sensor3_15%'!H27 -> -961.97673 | AB27: ='Sensor3_30%'!G27 -> 1621.1234 | AC27: ='Sensor3_30%'!H27 -> -832.71554 | AD27: ='Sensor3_45%'!G27 -> 1049.7749 | AE27: ='Sensor3_45%'!H27 -> 6.1385421 | AF27: ='Sensor3_60%'!G27 -> 954.8414 | AG27: ='Sensor3_60%'!H27 -> 198.99378 | AH27: ='Sensor4_0%'!G27 -> 6865.4827 | AI27: ='Sensor4_0%'!H27 -> -4838.8494 | AJ27: ='Sensor4_15%'!G27 -> 4316.3867 | AK27: ='Sensor4_15%'!H27 -> -2363.0034 | AL27: ='Sensor4_30%'!G27 -> 2115.5604 | AM27: ='Sensor4_30%'!H27 -> 703.98044 | AN27: ='Sensor4_45%'!G27 -> 2744.8031 | AO27: ='Sensor4_45%'!H27 -> 780.02591 | AP27: ='Sensor4_60%'!G27 -> 1763.1301 | AQ27: ='Sensor4_60%'!H27 -> 701.9268 | AU27: =AVERAGE(D27,X27,AH27) -> 3266.9038 | AV27: =AVERAGE(E27,Y27,AI27) -> -2036.9752 | AW27: =AVERAGE(F27,Z27,AJ27) -> 2986.1687 | AX27: =AVERAGE(G27,AA27,AK27) -> -694.67433 | AY27: =AVERAGE(H27,AB27,AL27) -> 1827.1268 | AZ27: =AVERAGE(I27,AC27,AM27) -> 70.577969 | BA27: =AVERAGE(J27,AD27,AN27) -> 1741.9796 | BB27: =AVERAGE(K27,AE27,AO27) -> 242.0087 | ... BD27: =AVERAGE(M27,AG27,AQ27) -> 649.90797 | BE27: =AVERAGE(AU25:AU29) -> 3274.0955 | BF27: =AVERAGE(AV25:AV29) -> -1153.3858 | BG27: =AVERAGE(AW25:AW29) -> 3200.8752 | BH27: =AVERAGE(AX25:AX29) -> -236.54361 | BI27: =AVERAGE(AY25:AY29) -> 1863.5833 | BJ27: =AVERAGE(AZ25:AZ29) -> 120.03397 | BK27: =AVERAGE(BA25:BA29) -> 1732.1792 | BL27: =AVERAGE(BB25:BB29) -> 216.37475 | ... BX27: =AVERAGE(BN25:BN29) -> 699.371
C28: 9302.3262 | D28: ='Sensor1_0%'!G28 -> 469.18341 | E28: ='Sensor1_0%'!H28 -> 228.58539 | F28: ='Sensor1_15%'!G28 -> 3276.5068 | G28: ='Sensor1_15%'!H28 -> 2034.5104 | H28: ='Sensor1_30%'!G28 -> 1889.5827 | I28: ='Sensor1_30%'!H28 -> 401.6832 | J28: ='Sensor1_45%'!G28 -> 1500.6869 | K28: ='Sensor1_45%'!H28 -> 34.515372 | L28: ='Sensor1_60%'!G28 -> 1866.9708 | M28: ='Sensor1_60%'!H28 -> 1408.3922 | N28: ='Sensor2_0%'!G28 -> 1246.2939 | O28: ='Sensor2_0%'!H28 -> 1361.3123 | P28: =' Sensor2_15%'!G28 -> 5618.5588 | Q28: =' Sensor2_15%'!H28 -> 4934.3056 | R28: ='Sensor2_30%'!G28 -> 1105.0407 | S28: ='Sensor2_30%'!H28 -> -612.47801 | T28: ='Sensor2_45%'!G28 -> 170.6395 | U28: ='Sensor2_45%'!H28 -> -30.575327 | V28: ='Sensor2_60%'!G28 -> 3367.3362 | W28: ='Sensor2_60%'!H28 -> -852.5247 | X28: ='Sensor3_0%'!G28 -> 2777.7216 | Y28: ='Sensor3_0%'!H28 -> 395.74976 | Z28: ='Sensor3_15%'!G28 -> 2307.9552 | AA28: ='Sensor3_15%'!H28 -> -20.787285 | AB28: ='Sensor3_30%'!G28 -> 1882.795 | AC28: ='Sensor3_30%'!H28 -> -129.86518 | AD28: ='Sensor3_45%'!G28 -> 1232.0249 | AE28: ='Sensor3_45%'!H28 -> 224.40926 | AF28: ='Sensor3_60%'!G28 -> 1040.9658 | AG28: ='Sensor3_60%'!H28 -> 416.94394 | AH28: ='Sensor4_0%'!G28 -> 6349.6369 | AI28: ='Sensor4_0%'!H28 -> -1026.697 | AJ28: ='Sensor4_15%'!G28 -> 4535.6102 | AK28: ='Sensor4_15%'!H28 -> 775.63156 | AL28: ='Sensor4_30%'!G28 -> 2256.7173 | AM28: ='Sensor4_30%'!H28 -> 1570.5733 | AN28: ='Sensor4_45%'!G28 -> 3151.3916 | AO28: ='Sensor4_45%'!H28 -> 1509.2181 | AP28: ='Sensor4_60%'!G28 -> 1946.5195 | AQ28: ='Sensor4_60%'!H28 -> 1245.6392 | AU28: =AVERAGE(D28,X28,AH28) -> 3198.8473 | AV28: =AVERAGE(E28,Y28,AI28) -> -134.12061 | AW28: =AVERAGE(F28,Z28,AJ28) -> 3373.3574 | AX28: =AVERAGE(G28,AA28,AK28) -> 929.78489 | AY28: =AVERAGE(H28,AB28,AL28) -> 2009.6983 | AZ28: =AVERAGE(I28,AC28,AM28) -> 614.13045 | BA28: =AVERAGE(J28,AD28,AN28) -> 1961.3678 | BB28: =AVERAGE(K28,AE28,AO28) -> 589.38091 | ... BD28: =AVERAGE(M28,AG28,AQ28) -> 1023.6585 | BE28: =AVERAGE(AU26:AU30) -> 3591.0854 | BF28: =AVERAGE(AV26:AV30) -> -287.23953 | BG28: =AVERAGE(AW26:AW30) -> 3742.3946 | BH28: =AVERAGE(AX26:AX30) -> 606.51156 | BI28: =AVERAGE(AY26:AY30) -> 2072.76 | BJ28: =AVERAGE(AZ26:AZ30) -> 554.33048 | BK28: =AVERAGE(BA26:BA30) -> 2018.3375 | BL28: =AVERAGE(BB26:BB30) -> 518.77866 | ... BX28: =AVERAGE(BN26:BN30) -> 1088.787
C29: 6644.5186 | D29: ='Sensor1_0%'!G29 -> 418.58813 | E29: ='Sensor1_0%'!H29 -> 806.48385 | F29: ='Sensor1_15%'!G29 -> 4112.3033 | G29: ='Sensor1_15%'!H29 -> 2739.0321 | H29: ='Sensor1_30%'!G29 -> 2053.8653 | I29: ='Sensor1_30%'!H29 -> 435.8658 | J29: ='Sensor1_45%'!G29 -> 1578.0732 | K29: ='Sensor1_45%'!H29 -> 94.743562 | L29: ='Sensor1_60%'!G29 -> 2156.3381 | M29: ='Sensor1_60%'!H29 -> 1886.7316 | N29: ='Sensor2_0%'!G29 -> 1718.7539 | O29: ='Sensor2_0%'!H29 -> 1970.8676 | P29: =' Sensor2_15%'!G29 -> 7080.4113 | Q29: =' Sensor2_15%'!H29 -> 7159.943 | R29: ='Sensor2_30%'!G29 -> 1078.7296 | S29: ='Sensor2_30%'!H29 -> -439.35419 | T29: ='Sensor2_45%'!G29 -> 171.8363 | U29: ='Sensor2_45%'!H29 -> -20.777826 | V29: ='Sensor2_60%'!G29 -> 3491.6727 | W29: ='Sensor2_60%'!H29 -> -567.62823 | X29: ='Sensor3_0%'!G29 -> 3486.8696 | Y29: ='Sensor3_0%'!H29 -> 1329.4603 | Z29: ='Sensor3_15%'!G29 -> 2800.3765 | AA29: ='Sensor3_15%'!H29 -> 560.19382 | AB29: ='Sensor3_30%'!G29 -> 2230.0048 | AC29: ='Sensor3_30%'!H29 -> 301.46201 | AD29: ='Sensor3_45%'!G29 -> 1436.2046 | AE29: ='Sensor3_45%'!H29 -> 380.74924 | AF29: ='Sensor3_60%'!G29 -> 1178.1257 | AG29: ='Sensor3_60%'!H29 -> 636.82952 | AH29: ='Sensor4_0%'!G29 -> 6510.464 | AI29: ='Sensor4_0%'!H29 -> 2725.5526 | AJ29: ='Sensor4_15%'!G29 -> 5590.2332 | AK29: ='Sensor4_15%'!H29 -> 3415.7929 | AL29: ='Sensor4_30%'!G29 -> 2485.9839 | AM29: ='Sensor4_30%'!H29 -> 2571.207 | AN29: ='Sensor4_45%'!G29 -> 3768.4946 | AO29: ='Sensor4_45%'!H29 -> 2129.8388 | AP29: ='Sensor4_60%'!G29 -> 2263.4859 | AQ29: ='Sensor4_60%'!H29 -> 1857.8709 | AU29: =AVERAGE(D29,X29,AH29) -> 3471.9739 | AV29: =AVERAGE(E29,Y29,AI29) -> 1620.4989 | AW29: =AVERAGE(F29,Z29,AJ29) -> 4167.6377 | AX29: =AVERAGE(G29,AA29,AK29) -> 2238.3396 | AY29: =AVERAGE(H29,AB29,AL29) -> 2256.618 | AZ29: =AVERAGE(I29,AC29,AM29) -> 1102.8449 | BA29: =AVERAGE(J29,AD29,AN29) -> 2260.9241 | BB29: =AVERAGE(K29,AE29,AO29) -> 868.44387 | ... BD29: =AVERAGE(M29,AG29,AQ29) -> 1460.4773 | BE29: =AVERAGE(AU27:AU31) -> 3954.7058 | BF29: =AVERAGE(AV27:AV31) -> 1492.666 | BG29: =AVERAGE(AW27:AW31) -> 4497.8006 | BH29: =AVERAGE(AX27:AX31) -> 1840.8986 | BI29: =AVERAGE(AY27:AY31) -> 2323.1905 | BJ29: =AVERAGE(AZ27:AZ31) -> 1082.8137 | BK29: =AVERAGE(BA27:BA31) -> 2316.8001 | BL29: =AVERAGE(BB27:BB31) -> 784.74137 | ... BX29: =AVERAGE(BN27:BN31) -> 1451.8628
C30: 4761.9048 | D30: ='Sensor1_0%'!G30 -> 458.21965 | E30: ='Sensor1_0%'!H30 -> 1557.1583 | F30: ='Sensor1_15%'!G30 -> 5016.8796 | G30: ='Sensor1_15%'!H30 -> 3044.994 | H30: ='Sensor1_30%'!G30 -> 2177.9966 | I30: ='Sensor1_30%'!H30 -> 413.96865 | J30: ='Sensor1_45%'!G30 -> 1632.7731 | K30: ='Sensor1_45%'!H30 -> 130.10764 | L30: ='Sensor1_60%'!G30 -> 2597.6702 | M30: ='Sensor1_60%'!H30 -> 2337.4721 | N30: ='Sensor2_0%'!G30 -> 1623.0987 | O30: ='Sensor2_0%'!H30 -> 1609.483 | P30: =' Sensor2_15%'!G30 -> 9477.5452 | Q30: =' Sensor2_15%'!H30 -> 8347.7071 | R30: ='Sensor2_30%'!G30 -> 1058.0264 | S30: ='Sensor2_30%'!H30 -> -300.91223 | T30: ='Sensor2_45%'!G30 -> 172.67588 | U30: ='Sensor2_45%'!H30 -> -11.872997 | V30: ='Sensor2_60%'!G30 -> 3492.9139 | W30: ='Sensor2_60%'!H30 -> -354.53165 | X30: ='Sensor3_0%'!G30 -> 4276.0019 | Y30: ='Sensor3_0%'!H30 -> 1823.3209 | Z30: ='Sensor3_15%'!G30 -> 3282.2867 | AA30: ='Sensor3_15%'!H30 -> 831.26477 | AB30: ='Sensor3_30%'!G30 -> 2543.7188 | AC30: ='Sensor3_30%'!H30 -> 524.5297 | AD30: ='Sensor3_45%'!G30 -> 1646.0377 | AE30: ='Sensor3_45%'!H30 -> 504.50178 | AF30: ='Sensor3_60%'!G30 -> 1377.0156 | AG30: ='Sensor3_60%'!H30 -> 828.0262 | AH30: ='Sensor4_0%'!G30 -> 7441.8478 | AI30: ='Sensor4_0%'!H30 -> 6076.9207 | AJ30: ='Sensor4_15%'!G30 -> 7046.3994 | AK30: ='Sensor4_15%'!H30 -> 5296.2965 | AL30: ='Sensor4_30%'!G30 -> 2866.5997 | AM30: ='Sensor4_30%'!H30 -> 3673.873 | AN30: ='Sensor4_45%'!G30 -> 4441.6075 | AO30: ='Sensor4_45%'!H30 -> 2528.338 | AP30: ='Sensor4_60%'!G30 -> 2745.5965 | AQ30: ='Sensor4_60%'!H30 -> 2429.3125 | AU30: =AVERAGE(D30,X30,AH30) -> 4058.6898 | AV30: =AVERAGE(E30,Y30,AI30) -> 3152.4667 | AW30: =AVERAGE(F30,Z30,AJ30) -> 5115.1886 | AX30: =AVERAGE(G30,AA30,AK30) -> 3057.5184 | AY30: =AVERAGE(H30,AB30,AL30) -> 2529.4384 | AZ30: =AVERAGE(I30,AC30,AM30) -> 1537.4571 | BA30: =AVERAGE(J30,AD30,AN30) -> 2573.4728 | BB30: =AVERAGE(K30,AE30,AO30) -> 1054.3158 | ... BD30: =AVERAGE(M30,AG30,AQ30) -> 1864.9369 | BE30: =AVERAGE(AU28:AU32) -> 4813.4742 | BF30: =AVERAGE(AV28:AV32) -> 3121.8967 | BG30: =AVERAGE(AW28:AW32) -> 5542.3393 | BH30: =AVERAGE(AX28:AX32) -> 2737.4828 | BI30: =AVERAGE(AY28:AY32) -> 2667.678 | BJ30: =AVERAGE(AZ28:AZ32) -> 1588.4617 | BK30: =AVERAGE(BA28:BA32) -> 2657.1935 | BL30: =AVERAGE(BB28:BB32) -> 965.23133 | ... BX30: =AVERAGE(BN28:BN32) -> 1801.0047
C31: 3401.3606 | D31: ='Sensor1_0%'!G31 -> 666.46219 | E31: ='Sensor1_0%'!H31 -> 2591.6415 | F31: ='Sensor1_15%'!G31 -> 6326.421 | G31: ='Sensor1_15%'!H31 -> 3143.2708 | H31: ='Sensor1_30%'!G31 -> 2311.5648 | I31: ='Sensor1_30%'!H31 -> 367.95854 | J31: ='Sensor1_45%'!G31 -> 1707.3103 | K31: ='Sensor1_45%'!H31 -> 149.13855 | L31: ='Sensor1_60%'!G31 -> 3374.6965 | M31: ='Sensor1_60%'!H31 -> 2887.4742 | N31: ='Sensor2_0%'!G31 -> 2028.6474 | O31: ='Sensor2_0%'!H31 -> 1650.8742 | P31: =' Sensor2_15%'!G31 -> 14763.008 | Q31: =' Sensor2_15%'!H31 -> 9663.1331 | R31: ='Sensor2_30%'!G31 -> 1053.3104 | S31: ='Sensor2_30%'!H31 -> -202.79013 | T31: ='Sensor2_45%'!G31 -> 173.99622 | U31: ='Sensor2_45%'!H31 -> -2.4438456 | V31: ='Sensor2_60%'!G31 -> 3509.6264 | W31: ='Sensor2_60%'!H31 -> -295.73288 | X31: ='Sensor3_0%'!G31 -> 5391.9429 | Y31: ='Sensor3_0%'!H31 -> 1900.738 | Z31: ='Sensor3_15%'!G31 -> 3818.537 | AA31: ='Sensor3_15%'!H31 -> 832.17747 | AB31: ='Sensor3_30%'!G31 -> 2886.9974 | AC31: ='Sensor3_30%'!H31 -> 571.12472 | AD31: ='Sensor3_45%'!G31 -> 1836.7663 | AE31: ='Sensor3_45%'!H31 -> 600.22503 | AF31: ='Sensor3_60%'!G31 -> 1666.6063 | AG31: ='Sensor3_60%'!H31 -> 996.17934 | AH31: ='Sensor4_0%'!G31 -> 11272.937 | AI31: ='Sensor4_0%'!H31 -> 10092.001 | AJ31: ='Sensor4_15%'!G31 -> 10394.994 | AK31: ='Sensor4_15%'!H31 -> 7045.125 | AL31: ='Sensor4_30%'!G31 -> 3780.6508 | AM31: ='Sensor4_30%'!H31 -> 5328.0914 | AN31: ='Sensor4_45%'!G31 -> 5594.6916 | AO31: ='Sensor4_45%'!H31 -> 2759.3092 | AP31: ='Sensor4_60%'!G31 -> 3607.2093 | AQ31: ='Sensor4_60%'!H31 -> 3103.5931 | AU31: =AVERAGE(D31,X31,AH31) -> 5777.1142 | AV31: =AVERAGE(E31,Y31,AI31) -> 4861.4601 | AW31: =AVERAGE(F31,Z31,AJ31) -> 6846.6508 | AX31: =AVERAGE(G31,AA31,AK31) -> 3673.5244 | AY31: =AVERAGE(H31,AB31,AL31) -> 2993.071 | AZ31: =AVERAGE(I31,AC31,AM31) -> 2089.0582 | BA31: =AVERAGE(J31,AD31,AN31) -> 3046.2561 | BB31: =AVERAGE(K31,AE31,AO31) -> 1169.5576 | ... BD31: =AVERAGE(M31,AG31,AQ31) -> 2329.0822 | BE31: =AVERAGE(AU29:AU33) -> 6068.3653 | BF31: =AVERAGE(AV29:AV33) -> 4521.2222 | BG31: =AVERAGE(AW29:AW33) -> 6723.648 | BH31: =AVERAGE(AX29:AX33) -> 3271.8002 | BI31: =AVERAGE(AY29:AY33) -> 3124.6543 | BJ31: =AVERAGE(AZ29:AZ33) -> 2065.6875 | BK31: =AVERAGE(BA29:BA33) -> 3010.6064 | BL31: =AVERAGE(BB29:BB33) -> 1055.8834 | ... BX31: =AVERAGE(BN29:BN33) -> 2099.5011
C32: 2433.8301 | D32: ='Sensor1_0%'!G32 -> 1349.4137 | E32: ='Sensor1_0%'!H32 -> 3829.6388 | F32: ='Sensor1_15%'!G32 -> 7332.8149 | G32: ='Sensor1_15%'!H32 -> 3014.9952 | H32: ='Sensor1_30%'!G32 -> 2406.5348 | I32: ='Sensor1_30%'!H32 -> 303.84164 | J32: ='Sensor1_45%'!G32 -> 1771.4901 | K32: ='Sensor1_45%'!H32 -> 154.6057 | L32: ='Sensor1_60%'!G32 -> 4176.1151 | M32: ='Sensor1_60%'!H32 -> 3233.9807 | N32: ='Sensor2_0%'!G32 -> 2226.2582 | O32: ='Sensor2_0%'!H32 -> 1397.5567 | P32: =' Sensor2_15%'!G32 -> 18120.499 | Q32: =' Sensor2_15%'!H32 -> 8832.7129 | R32: ='Sensor2_30%'!G32 -> 1050.8967 | S32: ='Sensor2_30%'!H32 -> -132.65262 | T32: ='Sensor2_45%'!G32 -> 175.55856 | U32: ='Sensor2_45%'!H32 -> -1.3457168 | V32: ='Sensor2_60%'!G32 -> 3533.8602 | W32: ='Sensor2_60%'!H32 -> -226.86777 | X32: ='Sensor3_0%'!G32 -> 6083.9154 | Y32: ='Sensor3_0%'!H32 -> 1693.8095 | Z32: ='Sensor3_15%'!G32 -> 4136.8314 | AA32: ='Sensor3_15%'!H32 -> 737.41328 | AB32: ='Sensor3_30%'!G32 -> 3107.1898 | AC32: ='Sensor3_30%'!H32 -> 563.89385 | AD32: ='Sensor3_45%'!G32 -> 1996.9711 | AE32: ='Sensor3_45%'!H32 -> 648.47384 | AF32: ='Sensor3_60%'!G32 -> 1989.3221 | AG32: ='Sensor3_60%'!H32 -> 1064.4975 | AH32: ='Sensor4_0%'!G32 -> 15248.908 | AI32: ='Sensor4_0%'!H32 -> 12804.087 | AJ32: ='Sensor4_15%'!G32 -> 13156.94 | AK32: ='Sensor4_15%'!H32 -> 7612.3319 | AL32: ='Sensor4_30%'!G32 -> 5134.9676 | AM32: ='Sensor4_30%'!H32 -> 6928.7185 | AN32: ='Sensor4_45%'!G32 -> 6563.3787 | AO32: ='Sensor4_45%'!H32 -> 2630.2959 | AP32: ='Sensor4_60%'!G32 -> 4550.391 | AQ32: ='Sensor4_60%'!H32 -> 3518.5325 | AU32: =AVERAGE(D32,X32,AH32) -> 7560.7458 | AV32: =AVERAGE(E32,Y32,AI32) -> 6109.1784 | AW32: =AVERAGE(F32,Z32,AJ32) -> 8208.8619 | AX32: =AVERAGE(G32,AA32,AK32) -> 3788.2468 | AY32: =AVERAGE(H32,AB32,AL32) -> 3549.5641 | AZ32: =AVERAGE(I32,AC32,AM32) -> 2598.818 | BA32: =AVERAGE(J32,AD32,AN32) -> 3443.9467 | BB32: =AVERAGE(K32,AE32,AO32) -> 1144.4585 | ... BD32: =AVERAGE(M32,AG32,AQ32) -> 2605.6702 | BE32: =AVERAGE(AU30:AU34) -> 7678.9487 | BF32: =AVERAGE(AV30:AV34) -> 5638.2909 | BG32: =AVERAGE(AW30:AW34) -> 7935.1649 | BH32: =AVERAGE(AX30:AX34) -> 3480.6178 | BI32: =AVERAGE(AY30:AY34) -> 3711.785 | BJ32: =AVERAGE(AZ30:AZ34) -> 2484.0257 | BK32: =AVERAGE(BA30:BA34) -> 3352.763 | BL32: =AVERAGE(BB30:BB34) -> 1066.3382 | ... BX32: =AVERAGE(BN30:BN34) -> 2317.297
C33: 1732.7268 | D33: ='Sensor1_0%'!G33 -> 2633.2852 | E33: ='Sensor1_0%'!H33 -> 4932.5395 | F33: ='Sensor1_15%'!G33 -> 8012.98 | G33: ='Sensor1_15%'!H33 -> 2733.533 | H33: ='Sensor1_30%'!G33 -> 2451.1245 | I33: ='Sensor1_30%'!H33 -> 260.80406 | J33: ='Sensor1_45%'!G33 -> 1818.946 | K33: ='Sensor1_45%'!H33 -> 167.6352 | L33: ='Sensor1_60%'!G33 -> 5082.673 | M33: ='Sensor1_60%'!H33 -> 3364.5754 | N33: ='Sensor2_0%'!G33 -> 2690.1094 | O33: ='Sensor2_0%'!H33 -> 1285.2392 | P33: =' Sensor2_15%'!G33 -> 20134.889 | Q33: =' Sensor2_15%'!H33 -> 7415.1474 | R33: ='Sensor2_30%'!G33 -> 1047.2534 | S33: ='Sensor2_30%'!H33 -> -79.502788 | T33: ='Sensor2_45%'!G33 -> 175.91964 | U33: ='Sensor2_45%'!H33 -> 0.11864124 | V33: ='Sensor2_60%'!G33 -> 3534.6977 | W33: ='Sensor2_60%'!H33 -> -137.56971 | X33: ='Sensor3_0%'!G33 -> 6520.2674 | Y33: ='Sensor3_0%'!H33 -> 1366.9482 | Z33: ='Sensor3_15%'!G33 -> 4337.3204 | AA33: ='Sensor3_15%'!H33 -> 589.04988 | AB33: ='Sensor3_30%'!G33 -> 3269.3446 | AC33: ='Sensor3_30%'!H33 -> 510.61385 | AD33: ='Sensor3_45%'!G33 -> 2207.3775 | AE33: ='Sensor3_45%'!H33 -> 704.81038 | AF33: ='Sensor3_60%'!G33 -> 2287.279 | AG33: ='Sensor3_60%'!H33 -> 1055.8017 | AH33: ='Sensor4_0%'!G33 -> 19266.355 | AI33: ='Sensor4_0%'!H33 -> 14288.033 | AJ33: ='Sensor4_15%'!G33 -> 15489.403 | AK33: ='Sensor4_15%'!H33 -> 7481.5328 | AL33: ='Sensor4_30%'!G33 -> 7163.2718 | AM33: ='Sensor4_30%'!H33 -> 8229.36 | AN33: ='Sensor4_45%'!G33 -> 7158.9732 | AO33: ='Sensor4_45%'!H33 -> 2255.4781 | AP33: ='Sensor4_60%'!G33 -> 5591.2476 | AQ33: ='Sensor4_60%'!H33 -> 3665.627 | AU33: =AVERAGE(D33,X33,AH33) -> 9473.3027 | AV33: =AVERAGE(E33,Y33,AI33) -> 6862.5069 | AW33: =AVERAGE(F33,Z33,AJ33) -> 9279.9011 | AX33: =AVERAGE(G33,AA33,AK33) -> 3601.3719 | AY33: =AVERAGE(H33,AB33,AL33) -> 4294.5803 | AZ33: =AVERAGE(I33,AC33,AM33) -> 3000.2593 | BA33: =AVERAGE(J33,AD33,AN33) -> 3728.4322 | BB33: =AVERAGE(K33,AE33,AO33) -> 1042.6412 | ... BD33: =AVERAGE(M33,AG33,AQ33) -> 2695.3347 | BE33: =AVERAGE(AU31:AU35) -> 9576.4327 | BF33: =AVERAGE(AV31:AV35) -> 6437.1783 | BG33: =AVERAGE(AW31:AW35) -> 9138.6541 | BH33: =AVERAGE(AX31:AX35) -> 3447.0997 | BI33: =AVERAGE(AY31:AY35) -> 4424.911 | BJ33: =AVERAGE(AZ31:AZ35) -> 2801.8061 | BK33: =AVERAGE(BA31:BA35) -> 3672.0727 | BL33: =AVERAGE(BB31:BB35) -> 1015.0648 | ... BX33: =AVERAGE(BN31:BN35) -> 2438.7004
C34: 1238.3901 | D34: ='Sensor1_0%'!G34 -> 4321.1677 | E34: ='Sensor1_0%'!H34 -> 5572.7303 | F34: ='Sensor1_15%'!G34 -> 8591.3702 | G34: ='Sensor1_15%'!H34 -> 2460.7626 | H34: ='Sensor1_30%'!G34 -> 2498.6409 | I34: ='Sensor1_30%'!H34 -> 225.0811 | J34: ='Sensor1_45%'!G34 -> 1877.3545 | K34: ='Sensor1_45%'!H34 -> 180.01338 | L34: ='Sensor1_60%'!G34 -> 5969.4822 | M34: ='Sensor1_60%'!H34 -> 3316.2195 | N34: ='Sensor2_0%'!G34 -> 2742.766 | O34: ='Sensor2_0%'!H34 -> 986.97671 | P34: =' Sensor2_15%'!G34 -> 21692.863 | Q34: =' Sensor2_15%'!H34 -> 6068.342 | R34: ='Sensor2_30%'!G34 -> 1061.1172 | S34: ='Sensor2_30%'!H34 -> -3.1481736 | T34: ='Sensor2_45%'!G34 -> 177.21451 | U34: ='Sensor2_45%'!H34 -> 1.7364091 | V34: ='Sensor2_60%'!G34 -> 3533.9359 | W34: ='Sensor2_60%'!H34 -> -73.614851 | X34: ='Sensor3_0%'!G34 -> 6860.4572 | Y34: ='Sensor3_0%'!H34 -> 1048.0694 | Z34: ='Sensor3_15%'!G34 -> 4464.4217 | AA34: ='Sensor3_15%'!H34 -> 436.76042 | AB34: ='Sensor3_30%'!G34 -> 3393.6634 | AC34: ='Sensor3_30%'!H34 -> 446.08954 | AD34: ='Sensor3_45%'!G34 -> 2435.4249 | AE34: ='Sensor3_45%'!H34 -> 724.96097 | AF34: ='Sensor3_60%'!G34 -> 2541.7221 | AG34: ='Sensor3_60%'!H34 -> 1016.6555 | AH34: ='Sensor4_0%'!G34 -> 23393.048 | AI34: ='Sensor4_0%'!H34 -> 14996.728 | AJ34: ='Sensor4_15%'!G34 -> 17619.875 | AK34: ='Sensor4_15%'!H34 -> 6949.7588 | AL34: ='Sensor4_30%'!G34 -> 9684.5089 | AM34: ='Sensor4_30%'!H34 -> 8912.4376 | AN34: ='Sensor4_45%'!G34 -> 7602.3418 | AO34: ='Sensor4_45%'!H34 -> 1857.1788 | AP34: ='Sensor4_60%'!G34 -> 6588.3217 | AQ34: ='Sensor4_60%'!H34 -> 3600.8313 | AU34: =AVERAGE(D34,X34,AH34) -> 11524.891 | AV34: =AVERAGE(E34,Y34,AI34) -> 7205.8427 | AW34: =AVERAGE(F34,Z34,AJ34) -> 10225.222 | AX34: =AVERAGE(G34,AA34,AK34) -> 3282.4273 | AY34: =AVERAGE(H34,AB34,AL34) -> 5192.271 | AZ34: =AVERAGE(I34,AC34,AM34) -> 3194.5361 | BA34: =AVERAGE(J34,AD34,AN34) -> 3971.707 | BB34: =AVERAGE(K34,AE34,AO34) -> 920.71773 | ... BD34: =AVERAGE(M34,AG34,AQ34) -> 2644.5688 | BE34: =AVERAGE(AU32:AU36) -> 11523.926 | BF34: =AVERAGE(AV32:AV36) -> 6793.3914 | BG34: =AVERAGE(AW32:AW36) -> 10120.434 | BH34: =AVERAGE(AX32:AX36) -> 3190.3993 | BI34: =AVERAGE(AY32:AY36) -> 5194.9259 | BJ34: =AVERAGE(AZ32:AZ36) -> 2936.1087 | BK34: =AVERAGE(BA32:BA36) -> 3928.6181 | BL34: =AVERAGE(BB32:BB36) -> 915.85159 | ... BX34: =AVERAGE(BN32:BN36) -> 2465.9807
C35: 887.11469 | D35: ='Sensor1_0%'!G35 -> 6093.8873 | E35: ='Sensor1_0%'!H35 -> 5634.809 | F35: ='Sensor1_15%'!G35 -> 9401.0233 | G35: ='Sensor1_15%'!H35 -> 2263.8601 | H35: ='Sensor1_30%'!G35 -> 2538.2861 | I35: ='Sensor1_30%'!H35 -> 200.65048 | J35: ='Sensor1_45%'!G35 -> 1937.6939 | K35: ='Sensor1_45%'!H35 -> 195.07214 | L35: ='Sensor1_60%'!G35 -> 6752.7432 | M35: ='Sensor1_60%'!H35 -> 3155.4904 | N35: ='Sensor2_0%'!G35 -> 2840.463 | O35: ='Sensor2_0%'!H35 -> 770.87498 | P35: =' Sensor2_15%'!G35 -> 22755.295 | Q35: =' Sensor2_15%'!H35 -> 4862.2312 | R35: ='Sensor2_30%'!G35 -> 1052.0042 | S35: ='Sensor2_30%'!H35 -> -2.8971243 | T35: ='Sensor2_45%'!G35 -> 178.01538 | U35: ='Sensor2_45%'!H35 -> 2.9607027 | V35: ='Sensor2_60%'!G35 -> 3558.9733 | W35: ='Sensor2_60%'!H35 -> -22.266684 | X35: ='Sensor3_0%'!G35 -> 7018.6661 | Y35: ='Sensor3_0%'!H35 -> 770.81588 | Z35: ='Sensor3_15%'!G35 -> 4543.338 | AA35: ='Sensor3_15%'!H35 -> 306.39802 | AB35: ='Sensor3_30%'!G35 -> 3489.7078 | AC35: ='Sensor3_30%'!H35 -> 387.9543 | AD35: ='Sensor3_45%'!G35 -> 2704.3345 | AE35: ='Sensor3_45%'!H35 -> 716.36414 | AF35: ='Sensor3_60%'!G35 -> 2757.5926 | AG35: ='Sensor3_60%'!H35 -> 947.7717 | AH35: ='Sensor4_0%'!G35 -> 27525.776 | AI35: ='Sensor4_0%'!H35 -> 15035.086 | AJ35: ='Sensor4_15%'!G35 -> 19453.542 | AK35: ='Sensor4_15%'!H35 -> 6099.5257 | AL35: ='Sensor4_30%'!G35 -> 12257.212 | AM35: ='Sensor4_30%'!H35 -> 8790.4719 | AN35: ='Sensor4_45%'!G35 -> 7868.0362 | AO35: ='Sensor4_45%'!H35 -> 1482.4101 | AP35: ='Sensor4_60%'!G35 -> 7462.9969 | AQ35: ='Sensor4_60%'!H35 -> 3414.4034 | AU35: =AVERAGE(D35,X35,AH35) -> 13546.11 | AV35: =AVERAGE(E35,Y35,AI35) -> 7146.9036 | AW35: =AVERAGE(F35,Z35,AJ35) -> 11132.634 | AX35: =AVERAGE(G35,AA35,AK35) -> 2889.9279 | AY35: =AVERAGE(H35,AB35,AL35) -> 6095.0686 | AZ35: =AVERAGE(I35,AC35,AM35) -> 3126.3589 | BA35: =AVERAGE(J35,AD35,AN35) -> 4170.0215 | BB35: =AVERAGE(K35,AE35,AO35) -> 797.94878 | ... BD35: =AVERAGE(M35,AG35,AQ35) -> 2505.8885 | BE35: =AVERAGE(AU33:AU37) -> 13443.178 | BF35: =AVERAGE(AV33:AV37) -> 6720.3501 | BG35: =AVERAGE(AW33:AW37) -> 10916.52 | BH35: =AVERAGE(AX33:AX37) -> 2804.6624 | BI35: =AVERAGE(AY33:AY37) -> 5934.2689 | BJ35: =AVERAGE(AZ33:AZ37) -> 2858.167 | BK35: =AVERAGE(BA33:BA37) -> 4130.6896 | BL35: =AVERAGE(BB33:BB37) -> 798.52087 | ... BX35: =AVERAGE(BN33:BN37) -> 2417.3737
C36: 631.1637 | D36: ='Sensor1_0%'!G36 -> 7674.7842 | E36: ='Sensor1_0%'!H36 -> 5179.138 | F36: ='Sensor1_15%'!G36 -> 9740.072 | G36: ='Sensor1_15%'!H36 -> 2038.4837 | H36: ='Sensor1_30%'!G36 -> 2578.9808 | I36: ='Sensor1_30%'!H36 -> 180.85878 | J36: ='Sensor1_45%'!G36 -> 2007.4102 | K36: ='Sensor1_45%'!H36 -> 209.38782 | L36: ='Sensor1_60%'!G36 -> 7434.4119 | M36: ='Sensor1_60%'!H36 -> 2922.4933 | N36: ='Sensor2_0%'!G36 -> 2820.1473 | O36: ='Sensor2_0%'!H36 -> 578.72518 | P36: =' Sensor2_15%'!G36 -> 23520.152 | Q36: =' Sensor2_15%'!H36 -> 3791.833 | R36: ='Sensor2_30%'!G36 -> 1055.7141 | S36: ='Sensor2_30%'!H36 -> 28.830975 | T36: ='Sensor2_45%'!G36 -> 179.53 | U36: ='Sensor2_45%'!H36 -> 4.3302963 | V36: ='Sensor2_60%'!G36 -> 3564.4031 | W36: ='Sensor2_60%'!H36 -> 25.42007 | X36: ='Sensor3_0%'!G36 -> 7150.3361 | Y36: ='Sensor3_0%'!H36 -> 528.3162 | Z36: ='Sensor3_15%'!G36 -> 4588.6935 | AA36: ='Sensor3_15%'!H36 -> 186.18306 | AB36: ='Sensor3_30%'!G36 -> 3565.0381 | AC36: ='Sensor3_30%'!H36 -> 330.09463 | AD36: ='Sensor3_45%'!G36 -> 2957.252 | AE36: ='Sensor3_45%'!H36 -> 646.12873 | AF36: ='Sensor3_60%'!G36 -> 2933.7524 | AG36: ='Sensor3_60%'!H36 -> 886.03745 | AH36: ='Sensor4_0%'!G36 -> 31718.622 | AI36: ='Sensor4_0%'!H36 -> 14220.122 | AJ36: ='Sensor4_15%'!G36 -> 20937.878 | AK36: ='Sensor4_15%'!H36 -> 4945.4014 | AL36: ='Sensor4_30%'!G36 -> 14385.417 | AM36: ='Sensor4_30%'!H36 -> 7770.7603 | AN36: ='Sensor4_45%'!G36 -> 8022.2865 | AO36: ='Sensor4_45%'!H36 -> 1164.9587 | AP36: ='Sensor4_60%'!G36 -> 8203.199 | AQ36: ='Sensor4_60%'!H36 -> 3155.9645 | AU36: =AVERAGE(D36,X36,AH36) -> 15514.581 | AV36: =AVERAGE(E36,Y36,AI36) -> 6642.5254 | AW36: =AVERAGE(F36,Z36,AJ36) -> 11755.548 | AX36: =AVERAGE(G36,AA36,AK36) -> 2390.0227 | AY36: =AVERAGE(H36,AB36,AL36) -> 6843.1453 | AZ36: =AVERAGE(I36,AC36,AM36) -> 2760.5712 | BA36: =AVERAGE(J36,AD36,AN36) -> 4328.9829 | BB36: =AVERAGE(K36,AE36,AO36) -> 673.49174 | ... BD36: =AVERAGE(M36,AG36,AQ36) -> 2321.4984 | BE36: =AVERAGE(AU34:AU38) -> 13231.731 | BF36: =AVERAGE(AV34:AV38) -> 5739.7619 | BG36: =AVERAGE(AW34:AW38) -> 11557.209 | BH36: =AVERAGE(AX34:AX38) -> 2353.0935 | BI36: =AVERAGE(AY34:AY38) -> 6561.7051 | BJ36: =AVERAGE(AZ34:AZ38) -> 2597.1533 | BK36: =AVERAGE(BA34:BA38) -> 4297.9624 | BL36: =AVERAGE(BB34:BB38) -> 679.00056 | ... BX36: =AVERAGE(BN34:BN38) -> 2276.3962
C37: 451.92633 | D37: ='Sensor1_0%'!G37 -> 8839.6154 | E37: ='Sensor1_0%'!H37 -> 4475.687 | F37: ='Sensor1_15%'!G37 -> 9997.2876 | G37: ='Sensor1_15%'!H37 -> 1819.5465 | H37: ='Sensor1_30%'!G37 -> 2616.8498 | I37: ='Sensor1_30%'!H37 -> 165.59375 | J37: ='Sensor1_45%'!G37 -> 2080.5896 | K37: ='Sensor1_45%'!H37 -> 220.76723 | L37: ='Sensor1_60%'!G37 -> 7979.8328 | M37: ='Sensor1_60%'!H37 -> 2688.7958 | N37: ='Sensor2_0%'!G37 -> 3010.9442 | O37: ='Sensor2_0%'!H37 -> 457.64802 | P37: =' Sensor2_15%'!G37 -> 24125.825 | Q37: =' Sensor2_15%'!H37 -> 2851.6657 | R37: ='Sensor2_30%'!G37 -> 1067.4286 | S37: ='Sensor2_30%'!H37 -> 58.297902 | T37: ='Sensor2_45%'!G37 -> 182.79701 | U37: ='Sensor2_45%'!H37 -> 5.6724576 | V37: ='Sensor2_60%'!G37 -> 3583.2435 | W37: ='Sensor2_60%'!H37 -> 64.153968 | X37: ='Sensor3_0%'!G37 -> 7208.3128 | Y37: ='Sensor3_0%'!H37 -> 336.79838 | Z37: ='Sensor3_15%'!G37 -> 4609.3863 | AA37: ='Sensor3_15%'!H37 -> 79.737548 | AB37: ='Sensor3_30%'!G37 -> 3622.9161 | AC37: ='Sensor3_30%'!H37 -> 279.7353 | AD37: ='Sensor3_45%'!G37 -> 3182.558 | AE37: ='Sensor3_45%'!H37 -> 527.04677 | AF37: ='Sensor3_60%'!G37 -> 3076.447 | AG37: ='Sensor3_60%'!H37 -> 852.69446 | AH37: ='Sensor4_0%'!G37 -> 35423.084 | AI37: ='Sensor4_0%'!H37 -> 12419.431 | AJ37: ='Sensor4_15%'!G37 -> 21961.212 | AK37: ='Sensor4_15%'!H37 -> 3679.4031 | AL37: ='Sensor4_30%'!G37 -> 15499.072 | AM37: ='Sensor4_30%'!H37 -> 6181.9995 | AN37: ='Sensor4_45%'!G37 -> 8099.7649 | AO37: ='Sensor4_45%'!H37 -> 925.60066 | AP37: ='Sensor4_60%'!G37 -> 8809.0757 | AQ37: ='Sensor4_60%'!H37 -> 2913.3731 | AU37: =AVERAGE(D37,X37,AH37) -> 17157.004 | AV37: =AVERAGE(E37,Y37,AI37) -> 5743.972 | AW37: =AVERAGE(F37,Z37,AJ37) -> 12189.295 | AX37: =AVERAGE(G37,AA37,AK37) -> 1859.5624 | AY37: =AVERAGE(H37,AB37,AL37) -> 7246.2794 | AZ37: =AVERAGE(I37,AC37,AM37) -> 2209.1095 | BA37: =AVERAGE(J37,AD37,AN37) -> 4454.3042 | BB37: =AVERAGE(K37,AE37,AO37) -> 557.80489 | ... BD37: =AVERAGE(M37,AG37,AQ37) -> 2151.6211 | BE37: =AVERAGE(AU35:AU39) -> 14735.302 | BF37: =AVERAGE(AV35:AV39) -> 4907.4988 | BG37: =AVERAGE(AW35:AW39) -> 12060.095 | BH37: =AVERAGE(AX35:AX39) -> 1874.4944 | BI37: =AVERAGE(AY35:AY39) -> 6991.9417 | BJ37: =AVERAGE(AZ35:AZ39) -> 2201.9191 | BK37: =AVERAGE(BA35:BA39) -> 4431.554 | BL37: =AVERAGE(BB35:BB39) -> 563.52519 | ... BX37: =AVERAGE(BN35:BN39) -> 2089.3071
C38: 321.75031 | D38: ='Sensor1_0%'!G38 -> 9593.2295 | E38: ='Sensor1_0%'!H38 -> 3756.1616 | F38: ='Sensor1_15%'!G38 -> 10304.774 | G38: ='Sensor1_15%'!H38 -> 1698.927 | H38: ='Sensor1_30%'!G38 -> 2654.0803 | I38: ='Sensor1_30%'!H38 -> 151.70947 | J38: ='Sensor1_45%'!G38 -> 2158.7982 | K38: ='Sensor1_45%'!H38 -> 227.12606 | L38: ='Sensor1_60%'!G38 -> 8437.8683 | M38: ='Sensor1_60%'!H38 -> 2480.8844 | N38: ='Sensor2_0%'!G38 -> 2853.7506 | O38: ='Sensor2_0%'!H38 -> 326.78381 | R38: ='Sensor2_30%'!G38 -> 1084.0412 | S38: ='Sensor2_30%'!H38 -> 85.783786 | T38: ='Sensor2_45%'!G38 -> 183.80269 | U38: ='Sensor2_45%'!H38 -> 6.1647649 | V38: ='Sensor2_60%'!G38 -> 3612.2016 | W38: ='Sensor2_60%'!H38 -> 103.85568 | X38: ='Sensor3_0%'!G38 -> 7238.9134 | Y38: ='Sensor3_0%'!H38 -> 162.97023 | Z38: ='Sensor3_15%'!G38 -> 4611.054 | AA38: ='Sensor3_15%'!H38 -> -22.352424 | AB38: ='Sensor3_30%'!G38 -> 3665.4512 | AC38: ='Sensor3_30%'!H38 -> 235.31179 | AD38: ='Sensor3_45%'!G38 -> 3400.8772 | AE38: ='Sensor3_45%'!H38 -> 359.20632 | AF38: ='Sensor3_60%'!G38 -> 3206.402 | AG38: ='Sensor3_60%'!H38 -> 853.13969 | AJ38: ='Sensor4_15%'!G38 -> 22534.215 | AK38: ='Sensor4_15%'!H38 -> 2354.0068 | AL38: ='Sensor4_30%'!G38 -> 15975.752 | AM38: ='Sensor4_30%'!H38 -> 4698.5508 | AN38: ='Sensor4_45%'!G38 -> 8134.7142 | AO38: ='Sensor4_45%'!H38 -> 748.78664 | AP38: ='Sensor4_60%'!G38 -> 9312.7654 | AQ38: ='Sensor4_60%'!H38 -> 2707.7705 | AU38: =AVERAGE(D38,X38,AH38) -> 8416.0715 | AV38: =AVERAGE(E38,Y38,AI38) -> 1959.5659 | AW38: =AVERAGE(F38,Z38,AJ38) -> 12483.347 | AX38: =AVERAGE(G38,AA38,AK38) -> 1343.5271 | AY38: =AVERAGE(H38,AB38,AL38) -> 7431.761 | AZ38: =AVERAGE(I38,AC38,AM38) -> 1695.1907 | BA38: =AVERAGE(J38,AD38,AN38) -> 4564.7965 | BB38: =AVERAGE(K38,AE38,AO38) -> 445.03967 | ... BD38: =AVERAGE(M38,AG38,AQ38) -> 2013.9315 | BE38: =AVERAGE(AU36:AU40) -> 16190.521 | BF38: =AVERAGE(AV36:AV40) -> 1853.2529 | BG38: =AVERAGE(AW36:AW40) -> 12567.756 | BH38: =AVERAGE(AX36:AX40) -> 112.30716 | BI38: =AVERAGE(AY36:AY40) -> 7268.8269 | BJ38: =AVERAGE(AZ36:AZ40) -> 1279.3477 | BK38: =AVERAGE(BA36:BA40) -> 4584.8578 | BL38: =AVERAGE(BB36:BB40) -> 127.14461 | ... BX38: =AVERAGE(BN36:BN40) -> 1893.5169
C39: 230.0437 | D39: ='Sensor1_0%'!G39 -> 10080.923 | E39: ='Sensor1_0%'!H39 -> 3051.7547 | F39: ='Sensor1_15%'!G39 -> 10856.046 | G39: ='Sensor1_15%'!H39 -> 1646.2145 | H39: ='Sensor1_30%'!G39 -> 2687.5134 | I39: ='Sensor1_30%'!H39 -> 137.85816 | J39: ='Sensor1_45%'!G39 -> 2244.7649 | K39: ='Sensor1_45%'!H39 -> 228.02576 | L39: ='Sensor1_60%'!G39 -> 8825.5001 | M39: ='Sensor1_60%'!H39 -> 2327.4716 | N39: ='Sensor2_0%'!G39 -> 2750.0333 | O39: ='Sensor2_0%'!H39 -> 240.69653 | P39: =' Sensor2_15%'!G39 -> 24686.879 | Q39: =' Sensor2_15%'!H39 -> 1121.3107 | R39: ='Sensor2_30%'!G39 -> 1107.2211 | S39: ='Sensor2_30%'!H39 -> 111.0719 | T39: ='Sensor2_45%'!G39 -> 185.17488 | U39: ='Sensor2_45%'!H39 -> 7.111748 | V39: ='Sensor2_60%'!G39 -> 3641.0249 | W39: ='Sensor2_60%'!H39 -> 133.09647 | X39: ='Sensor3_0%'!G39 -> 7227.8872 | Y39: ='Sensor3_0%'!H39 -> 40.419468 | Z39: ='Sensor3_15%'!G39 -> 4596.0594 | AA39: ='Sensor3_15%'!H39 -> -115.8796 | AB39: ='Sensor3_30%'!G39 -> 3694.2537 | AC39: ='Sensor3_30%'!H39 -> 205.25804 | AD39: ='Sensor3_45%'!G39 -> 3541.4119 | AE39: ='Sensor3_45%'!H39 -> 167.02481 | AF39: ='Sensor3_60%'!G39 -> 3333.0976 | AG39: ='Sensor3_60%'!H39 -> 893.45151 | AH39: ='Sensor4_0%'!G39 -> 39819.416 | AI39: ='Sensor4_0%'!H39 -> 6041.4063 | AJ39: ='Sensor4_15%'!G39 -> 22766.838 | AK39: ='Sensor4_15%'!H39 -> 1137.9601 | AL39: ='Sensor4_30%'!G39 -> 15648.595 | AM39: ='Sensor4_30%'!H39 -> 3311.9799 | AN39: ='Sensor4_45%'!G39 -> 8132.8177 | AO39: ='Sensor4_45%'!H39 -> 634.9721 | AP39: ='Sensor4_60%'!G39 -> 9750.3361 | AQ39: ='Sensor4_60%'!H39 -> 2573.5146 | AU39: =AVERAGE(D39,X39,AH39) -> 19042.742 | AV39: =AVERAGE(E39,Y39,AI39) -> 3044.5268 | AW39: =AVERAGE(F39,Z39,AJ39) -> 12739.648 | AX39: =AVERAGE(G39,AA39,AK39) -> 889.43168 | AY39: =AVERAGE(H39,AB39,AL39) -> 7343.454 | AZ39: =AVERAGE(I39,AC39,AM39) -> 1218.3654 | BA39: =AVERAGE(J39,AD39,AN39) -> 4639.6648 | BB39: =AVERAGE(K39,AE39,AO39) -> 343.34089 | ... BD39: =AVERAGE(M39,AG39,AQ39) -> 1931.4793 | BE39: =AVERAGE(AU37:AU41) -> 17041.064 | BF39: =AVERAGE(AV37:AV41) -> -784.04214 | BG39: =AVERAGE(AW37:AW41) -> 11853.973 | BH39: =AVERAGE(AX37:AX41) -> -755.46553 | BI39: =AVERAGE(AY37:AY41) -> 7284.2966 | BJ39: =AVERAGE(AZ37:AZ41) -> 498.02818 | BK39: =AVERAGE(BA37:BA41) -> 4686.7271 | BL39: =AVERAGE(BB37:BB41) -> -209.52586 | ... BX39: =AVERAGE(BN37:BN41) -> 1713.2659
C40: 164.61922 | D40: ='Sensor1_0%'!G40 -> 10579.787 | E40: ='Sensor1_0%'!H40 -> 812.20688 | F40: ='Sensor1_15%'!G40 -> 11402.629 | G40: ='Sensor1_15%'!H40 -> -1245.7732 | H40: ='Sensor1_30%'!G40 -> 2821.9092 | I40: ='Sensor1_30%'!H40 -> -398.75714 | J40: ='Sensor1_45%'!G40 -> 2415.4885 | K40: ='Sensor1_45%'!H40 -> -478.13193 | L40: ='Sensor1_60%'!G40 -> 9303.2746 | M40: ='Sensor1_60%'!H40 -> 1615.3714 | N40: ='Sensor2_0%'!G40 -> 2776.7368 | O40: ='Sensor2_0%'!H40 -> -259.75993 | P40: =' Sensor2_15%'!G40 -> 25371.288 | Q40: =' Sensor2_15%'!H40 -> -2615.0616 | R40: ='Sensor2_30%'!G40 -> 1297.4828 | S40: ='Sensor2_30%'!H40 -> -1370.6666 | T40: ='Sensor2_45%'!G40 -> 197.63085 | U40: ='Sensor2_45%'!H40 -> -92.574309 | V40: ='Sensor2_60%'!G40 -> 4119.3147 | W40: ='Sensor2_60%'!H40 -> -3516.194 | X40: ='Sensor3_0%'!G40 -> 7932.9378 | Y40: ='Sensor3_0%'!H40 -> -5161.2079 | Z40: ='Sensor3_15%'!G40 -> 5129.8105 | AA40: ='Sensor3_15%'!H40 -> -4433.0505 | AB40: ='Sensor3_30%'!G40 -> 4397.6883 | AC40: ='Sensor3_30%'!H40 -> -3615.1319 | AD40: ='Sensor3_45%'!G40 -> 3819.8392 | AE40: ='Sensor3_45%'!H40 -> -1596.0691 | AF40: ='Sensor3_60%'!G40 -> 3641.194 | AG40: ='Sensor3_60%'!H40 -> 132.6717 | AH40: ='Sensor4_0%'!G40 -> 43953.891 | AI40: ='Sensor4_0%'!H40 -> -20023.976 | AJ40: ='Sensor4_15%'!G40 -> 24480.382 | AK40: ='Sensor4_15%'!H40 -> -12084.201 | AL40: ='Sensor4_30%'!G40 -> 15218.887 | AM40: ='Sensor4_30%'!H40 -> -445.60569 | AN40: ='Sensor4_45%'!G40 -> 8574.2944 | AO40: ='Sensor4_45%'!H40 -> -2077.6614 | AP40: ='Sensor4_60%'!G40 -> 10554.026 | AQ40: ='Sensor4_60%'!H40 -> 764.68709 | AU40: =AVERAGE(D40,X40,AH40) -> 20822.205 | AV40: =AVERAGE(E40,Y40,AI40) -> -8124.3258 | AW40: =AVERAGE(F40,Z40,AJ40) -> 13670.94 | AX40: =AVERAGE(G40,AA40,AK40) -> -5921.0081 | AY40: =AVERAGE(H40,AB40,AL40) -> 7479.4947 | AZ40: =AVERAGE(I40,AC40,AM40) -> -1486.4982 | BA40: =AVERAGE(J40,AD40,AN40) -> 4936.5407 | BB40: =AVERAGE(K40,AE40,AO40) -> -1383.9542 | ... BD40: =AVERAGE(M40,AG40,AQ40) -> 837.57672 | BE40: =AVERAGE(AU38:AU42) -> 17339.2 | BF40: =AVERAGE(AV38:AV42) -> -3004.4632 | BG40: =AVERAGE(AW38:AW42) -> 11984.178 | BH40: =AVERAGE(AX38:AX42) -> -1850.3245 | BI40: =AVERAGE(AY38:AY42) -> 7110.2116 | BJ40: =AVERAGE(AZ38:AZ42) -> -112.90908 | BK40: =AVERAGE(BA38:BA42) -> 4750.3492 | BL40: =AVERAGE(BB38:BB42) -> -464.27842 | ... BX40: =AVERAGE(BN38:BN42) -> 1569.3683
C41: 117.70071 | D41: ='Sensor1_0%'!G41 -> 10584.174 | E41: ='Sensor1_0%'!H41 -> 788.64774 | F41: ='Sensor1_15%'!G41 -> 11546.325 | G41: ='Sensor1_15%'!H41 -> -528.27498 | H41: ='Sensor1_30%'!G41 -> 2819.8271 | I41: ='Sensor1_30%'!H41 -> -272.29425 | J41: ='Sensor1_45%'!G41 -> 2456.1344 | K41: ='Sensor1_45%'!H41 -> -297.06194 | L41: ='Sensor1_60%'!G41 -> 9568.4201 | M41: ='Sensor1_60%'!H41 -> 1737.3131 | N41: ='Sensor2_0%'!G41 -> 2758.7422 | O41: ='Sensor2_0%'!H41 -> -255.30342 | P41: =' Sensor2_15%'!G41 -> 25091.844 | Q41: =' Sensor2_15%'!H41 -> -2453.1528 | R41: ='Sensor2_30%'!G41 -> 1266.0002 | S41: ='Sensor2_30%'!H41 -> -932.70837 | T41: ='Sensor2_45%'!G41 -> 197.59915 | U41: ='Sensor2_45%'!H41 -> -63.125702 | V41: ='Sensor2_60%'!G41 -> 3935.3464 | W41: ='Sensor2_60%'!H41 -> -2492.8558 | X41: ='Sensor3_0%'!G41 -> 7591.4523 | Y41: ='Sensor3_0%'!H41 -> -3869.6695 | Z41: ='Sensor3_15%'!G41 -> 4826.9469 | AA41: ='Sensor3_15%'!H41 -> -3369.4065 | AB41: ='Sensor3_30%'!G41 -> 4145.5589 | AC41: ='Sensor3_30%'!H41 -> -2605.5426 | AD41: ='Sensor3_45%'!G41 -> 3641.7931 | AE41: ='Sensor3_45%'!H41 -> -1369.6 | AF41: ='Sensor3_60%'!G41 -> 3735.8683 | AG41: ='Sensor3_60%'!H41 -> 476.2124 | AH41: ='Sensor4_0%'!G41 -> 41126.269 | AI41: ='Sensor4_0%'!H41 -> -16550.827 | AL41: ='Sensor4_30%'!G41 -> 13796.096 | AM41: ='Sensor4_30%'!H41 -> -560.24244 | AN41: ='Sensor4_45%'!G41 -> 8417.0606 | AO41: ='Sensor4_45%'!H41 -> -1362.9198 | AP41: ='Sensor4_60%'!G41 -> 10823.54 | AQ41: ='Sensor4_60%'!H41 -> 1269.8435 | AU41: =AVERAGE(D41,X41,AH41) -> 19767.298 | AV41: =AVERAGE(E41,Y41,AI41) -> -6543.9497 | AW41: =AVERAGE(F41,Z41,AJ41) -> 8186.636 | AX41: =AVERAGE(G41,AA41,AK41) -> -1948.8407 | AY41: =AVERAGE(H41,AB41,AL41) -> 6920.494 | AZ41: =AVERAGE(I41,AC41,AM41) -> -1146.0264 | BA41: =AVERAGE(J41,AD41,AN41) -> 4838.3293 | BB41: =AVERAGE(K41,AE41,AO41) -> -1009.8606 | ... BD41: =AVERAGE(M41,AG41,AQ41) -> 1161.123 | BE41: =AVERAGE(AU39:AU43) -> 19011.471 | BF41: =AVERAGE(AV39:AV43) -> -4261.1728 | BG41: =AVERAGE(AW39:AW43) -> 12155.642 | BH41: =AVERAGE(AX39:AX43) -> -2539.495 | BI41: =AVERAGE(AY39:AY43) -> 6812.2431 | BJ41: =AVERAGE(AZ39:AZ43) -> -593.96602 | BK41: =AVERAGE(BA39:BA43) -> 4792.9425 | BL41: =AVERAGE(BB39:BB43) -> -567.27816 | ... BX41: =AVERAGE(BN39:BN43) -> 1555.5817
C42: 84.042442 | D42: ='Sensor1_0%'!G42 -> 10510.523 | E42: ='Sensor1_0%'!H42 -> 764.28211 | F42: ='Sensor1_15%'!G42 -> 11606.765 | G42: ='Sensor1_15%'!H42 -> -100.33234 | H42: ='Sensor1_30%'!G42 -> 2828.0311 | I42: ='Sensor1_30%'!H42 -> -183.58734 | J42: ='Sensor1_45%'!G42 -> 2510.6091 | K42: ='Sensor1_45%'!H42 -> -172.79954 | L42: ='Sensor1_60%'!G42 -> 9855.9315 | M42: ='Sensor1_60%'!H42 -> 1882.1258 | N42: ='Sensor2_0%'!G42 -> 2420.8691 | O42: ='Sensor2_0%'!H42 -> -162.26421 | P42: =' Sensor2_15%'!G42 -> 24410.386 | Q42: =' Sensor2_15%'!H42 -> -2322.7791 | R42: ='Sensor2_30%'!G42 -> 1260.7129 | S42: ='Sensor2_30%'!H42 -> -618.30324 | T42: ='Sensor2_45%'!G42 -> 197.95944 | U42: ='Sensor2_45%'!H42 -> -42.369964 | V42: ='Sensor2_60%'!G42 -> 3916.3913 | W42: ='Sensor2_60%'!H42 -> -1750.0398 | X42: ='Sensor3_0%'!G42 -> 7422.1798 | Y42: ='Sensor3_0%'!H42 -> -3017.7635 | Z42: ='Sensor3_15%'!G42 -> 4616.7699 | AA42: ='Sensor3_15%'!H42 -> -2584.1996 | AB42: ='Sensor3_30%'!G42 -> 4006.7053 | AC42: ='Sensor3_30%'!H42 -> -1833.3942 | AD42: ='Sensor3_45%'!G42 -> 3494.2272 | AE42: ='Sensor3_45%'!H42 -> -1166.7538 | AF42: ='Sensor3_60%'!G42 -> 3880.2712 | AG42: ='Sensor3_60%'!H42 -> 803.46624 | AH42: ='Sensor4_0%'!G42 -> 38010.343 | AI42: ='Sensor4_0%'!H42 -> -13820.918 | AJ42: ='Sensor4_15%'!G42 -> 22297.416 | AK42: ='Sensor4_15%'!H42 -> -8159.6657 | AL42: ='Sensor4_30%'!G42 -> 12292.827 | AM42: ='Sensor4_30%'!H42 -> -519.74874 | AN42: ='Sensor4_45%'!G42 -> 8312.4079 | AO42: ='Sensor4_45%'!H42 -> -808.32047 | AP42: ='Sensor4_60%'!G42 -> 11101.453 | AQ42: ='Sensor4_60%'!H42 -> 1754.545 | AU42: =AVERAGE(D42,X42,AH42) -> 18647.682 | AV42: =AVERAGE(E42,Y42,AI42) -> -5358.1331 | AW42: =AVERAGE(F42,Z42,AJ42) -> 12840.317 | AX42: =AVERAGE(G42,AA42,AK42) -> -3614.7325 | AY42: =AVERAGE(H42,AB42,AL42) -> 6375.8546 | AZ42: =AVERAGE(I42,AC42,AM42) -> -845.57676 | BA42: =AVERAGE(J42,AD42,AN42) -> 4772.4147 | BB42: =AVERAGE(K42,AE42,AO42) -> -715.95795 | ... BD42: =AVERAGE(M42,AG42,AQ42) -> 1480.0457 | BE42: =AVERAGE(AU40:AU44) -> 18470.893 | BF42: =AVERAGE(AV40:AV44) -> -5538.5322 | BG42: =AVERAGE(AW40:AW44) -> 12055.697 | BH42: =AVERAGE(AX40:AX44) -> -3167.1508 | BI42: =AVERAGE(AY40:AY44) -> 6449.8732 | BJ42: =AVERAGE(AZ40:AZ44) -> -927.85953 | BK42: =AVERAGE(BA40:BA44) -> 4804.9963 | BL42: =AVERAGE(BB40:BB44) -> -692.80403 | ... BX42: =AVERAGE(BN40:BN44) -> 1650.2183
C43: 59.955185 | D43: ='Sensor1_0%'!G43 -> 10314.794 | E43: ='Sensor1_0%'!H43 -> 796.75809 | F43: ='Sensor1_15%'!G43 -> 14484.706 | G43: ='Sensor1_15%'!H43 -> 2393.3454 | H43: ='Sensor1_30%'!G43 -> 2855.5628 | I43: ='Sensor1_30%'!H43 -> -123.99598 | J43: ='Sensor1_45%'!G43 -> 2567.7102 | K43: ='Sensor1_45%'!H43 -> -82.544272 | L43: ='Sensor1_60%'!G43 -> 10523.92 | M43: ='Sensor1_60%'!H43 -> 2930.2309 | N43: ='Sensor2_0%'!G43 -> 2416.9572 | O43: ='Sensor2_0%'!H43 -> -127.00496 | P43: =' Sensor2_15%'!G43 -> 24801.138 | Q43: =' Sensor2_15%'!H43 -> -2003.4975 | R43: ='Sensor2_30%'!G43 -> 1264.9733 | S43: ='Sensor2_30%'!H43 -> -420.76898 | T43: ='Sensor2_45%'!G43 -> 198.88064 | U43: ='Sensor2_45%'!H43 -> -26.476008 | V43: ='Sensor2_60%'!G43 -> 3543.7286 | W43: ='Sensor2_60%'!H43 -> -1014.1093 | X43: ='Sensor3_0%'!G43 -> 7364.3466 | Y43: ='Sensor3_0%'!H43 -> -2549.834 | Z43: ='Sensor3_15%'!G43 -> 4440.0943 | AA43: ='Sensor3_15%'!H43 -> -2002.1555 | AB43: ='Sensor3_30%'!G43 -> 3928.7311 | AC43: ='Sensor3_30%'!H43 -> -1254.2492 | AD43: ='Sensor3_45%'!G43 -> 3326.1579 | AE43: ='Sensor3_45%'!H43 -> -1015.0653 | AF43: ='Sensor3_60%'!G43 -> 4044.9882 | AG43: ='Sensor3_60%'!H43 -> 1079.1458 | AH43: ='Sensor4_0%'!G43 -> 32653.149 | AI43: ='Sensor4_0%'!H43 -> -11218.871 | AJ43: ='Sensor4_15%'!G43 -> 21097.209 | AK43: ='Sensor4_15%'!H43 -> -6698.1656 | AL43: ='Sensor4_30%'!G43 -> 11041.461 | AM43: ='Sensor4_30%'!H43 -> -752.03691 | AN43: ='Sensor4_45%'!G43 -> 8439.4205 | AO43: ='Sensor4_45%'!H43 -> 887.73245 | AP43: ='Sensor4_60%'!G43 -> 10531.349 | AQ43: ='Sensor4_60%'!H43 -> 1153.6503 | AU43: =AVERAGE(D43,X43,AH43) -> 16777.43 | AV43: =AVERAGE(E43,Y43,AI43) -> -4323.9823 | AW43: =AVERAGE(F43,Z43,AJ43) -> 13340.67 | AX43: =AVERAGE(G43,AA43,AK43) -> -2102.3252 | AY43: =AVERAGE(H43,AB43,AL43) -> 5941.9182 | AZ43: =AVERAGE(I43,AC43,AM43) -> -710.09404 | BA43: =AVERAGE(J43,AD43,AN43) -> 4777.7629 | BB43: =AVERAGE(K43,AE43,AO43) -> -69.959024 | ... BD43: =AVERAGE(M43,AG43,AQ43) -> 1721.009 | BE43: =AVERAGE(AU41:AU45) -> 17396.548 | BF43: =AVERAGE(AV41:AV45) -> -4417.2549 | BG43: =AVERAGE(AW41:AW45) -> 11716.445 | BH43: =AVERAGE(AX41:AX45) -> -2326.3911 | BI43: =AVERAGE(AY41:AY45) -> 5996.2659 | BJ43: =AVERAGE(AZ41:AZ45) -> -693.675 | BK43: =AVERAGE(BA41:BA45) -> 4761.7784 | BL43: =AVERAGE(BB41:BB45) -> -452.13481 | ... BX43: =AVERAGE(BN41:BN45) -> 1832.7968
C44: 42.691257 | D44: ='Sensor1_0%'!G44 -> 10224.219 | E44: ='Sensor1_0%'!H44 -> 649.91248 | F44: ='Sensor1_15%'!G44 -> 12433.858 | G44: ='Sensor1_15%'!H44 -> 477.42601 | H44: ='Sensor1_30%'!G44 -> 2854.2421 | I44: ='Sensor1_30%'!H44 -> -80.661349 | J44: ='Sensor1_45%'!G44 -> 2630.8712 | K44: ='Sensor1_45%'!H44 -> -46.075567 | L44: ='Sensor1_60%'!G44 -> 10425.546 | M44: ='Sensor1_60%'!H44 -> 2262.1886 | N44: ='Sensor2_0%'!G44 -> 2633.9059 | O44: ='Sensor2_0%'!H44 -> -186.11305 | P44: =' Sensor2_15%'!G44 -> 23910.288 | Q44: =' Sensor2_15%'!H44 -> -1968.6476 | R44: ='Sensor2_30%'!G44 -> 1297.6615 | S44: ='Sensor2_30%'!H44 -> -266.31407 | T44: ='Sensor2_45%'!G44 -> 199.83081 | U44: ='Sensor2_45%'!H44 -> -18.621736 | V44: ='Sensor2_60%'!G44 -> 3945.1042 | W44: ='Sensor2_60%'!H44 -> -823.69527 | X44: ='Sensor3_0%'!G44 -> 7039.781 | Y44: ='Sensor3_0%'!H44 -> -1898.3654 | Z44: ='Sensor3_15%'!G44 -> 4249.8099 | AA44: ='Sensor3_15%'!H44 -> -1544.7865 | AB44: ='Sensor3_30%'!G44 -> 3903.4946 | AC44: ='Sensor3_30%'!H44 -> -784.45457 | AD44: ='Sensor3_45%'!G44 -> 3160.6211 | AE44: ='Sensor3_45%'!H44 -> -747.97357 | AF44: ='Sensor3_60%'!G44 -> 4322.4374 | AG44: ='Sensor3_60%'!H44 -> 1470.677 | AH44: ='Sensor4_0%'!G44 -> 31755.551 | AI44: ='Sensor4_0%'!H44 -> -8778.3572 | AJ44: ='Sensor4_15%'!G44 -> 20036.1 | AK44: ='Sensor4_15%'!H44 -> -5679.1815 | AL44: ='Sensor4_30%'!G44 -> 9837.0778 | AM44: ='Sensor4_30%'!H44 -> -488.19054 | AN44: ='Sensor4_45%'!G44 -> 8308.31 | AO44: ='Sensor4_45%'!H44 -> -58.816236 | AP44: ='Sensor4_60%'!G44 -> 11886.772 | AQ44: ='Sensor4_60%'!H44 -> 2648.8118 | AU44: =AVERAGE(D44,X44,AH44) -> 16339.85 | AV44: =AVERAGE(E44,Y44,AI44) -> -3342.27 | AW44: =AVERAGE(F44,Z44,AJ44) -> 12239.923 | AX44: =AVERAGE(G44,AA44,AK44) -> -2248.8473 | AY44: =AVERAGE(H44,AB44,AL44) -> 5531.6048 | AZ44: =AVERAGE(I44,AC44,AM44) -> -451.10215 | BA44: =AVERAGE(J44,AD44,AN44) -> 4699.9341 | BB44: =AVERAGE(K44,AE44,AO44) -> -284.28846 | ... BD44: =AVERAGE(M44,AG44,AQ44) -> 2127.2258 | BE44: =AVERAGE(AU42:AU46) -> 16391.162 | BF44: =AVERAGE(AV42:AV46) -> -3480.3927 | BG44: =AVERAGE(AW42:AW46) -> 12421.206 | BH44: =AVERAGE(AX42:AX46) -> -2188.5331 | BI44: =AVERAGE(AY42:AY46) -> 5611.267 | BJ44: =AVERAGE(AZ42:AZ46) -> -504.36839 | BK44: =AVERAGE(BA42:BA46) -> 4744.8798 | BL44: =AVERAGE(BB42:BB46) -> -263.79833 | ... BX44: =AVERAGE(BN42:BN46) -> 2090.2226
C45: 30.517578 | D45: ='Sensor1_0%'!G45 -> 10098.086 | E45: ='Sensor1_0%'!H45 -> 596.53582 | F45: ='Sensor1_15%'!G45 -> 12730.759 | G45: ='Sensor1_15%'!H45 -> 646.51995 | H45: ='Sensor1_30%'!G45 -> 2866.8599 | I45: ='Sensor1_30%'!H45 -> -61.997657 | J45: ='Sensor1_45%'!G45 -> 2681.8534 | K45: ='Sensor1_45%'!H45 -> -20.87435 | L45: ='Sensor1_60%'!G45 -> 10822.886 | M45: ='Sensor1_60%'!H45 -> 2464.6263 | N45: ='Sensor2_0%'!G45 -> 2337.3742 | O45: ='Sensor2_0%'!H45 -> -201.3628 | P45: =' Sensor2_15%'!G45 -> 23154.246 | Q45: =' Sensor2_15%'!H45 -> -1797.0705 | R45: ='Sensor2_30%'!G45 -> 1308.1279 | S45: ='Sensor2_30%'!H45 -> -179.35011 | T45: ='Sensor2_45%'!G45 -> 200.91802 | U45: ='Sensor2_45%'!H45 -> -13.766452 | V45: ='Sensor2_60%'!G45 -> 3890.3937 | W45: ='Sensor2_60%'!H45 -> -556.82411 | X45: ='Sensor3_0%'!G45 -> 7081.5376 | Y45: ='Sensor3_0%'!H45 -> -1501.447 | Z45: ='Sensor3_15%'!G45 -> 4088.1824 | AA45: ='Sensor3_15%'!H45 -> -1176.0038 | AB45: ='Sensor3_30%'!G45 -> 3910.8346 | AC45: ='Sensor3_30%'!H45 -> -420.17742 | AD45: ='Sensor3_45%'!G45 -> 3068.0644 | AE45: ='Sensor3_45%'!H45 -> -580.21144 | AF45: ='Sensor3_60%'!G45 -> 4626.2122 | AG45: ='Sensor3_60%'!H45 -> 1832.199 | AH45: ='Sensor4_0%'!G45 -> 29171.817 | AI45: ='Sensor4_0%'!H45 -> -6648.9073 | AJ45: ='Sensor4_15%'!G45 -> 19105.096 | AK45: ='Sensor4_15%'!H45 -> -4622.145 | AL45: ='Sensor4_30%'!G45 -> 8856.6792 | AM45: ='Sensor4_30%'!H45 -> -464.55171 | AN45: ='Sensor4_45%'!G45 -> 8411.4349 | AO45: ='Sensor4_45%'!H45 -> 59.261652 | AP45: ='Sensor4_60%'!G45 -> 12426.871 | AQ45: ='Sensor4_60%'!H45 -> 2969.2887 | AU45: =AVERAGE(D45,X45,AH45) -> 15450.48 | AV45: =AVERAGE(E45,Y45,AI45) -> -2517.9395 | AW45: =AVERAGE(F45,Z45,AJ45) -> 11974.679 | AX45: =AVERAGE(G45,AA45,AK45) -> -1717.2096 | AY45: =AVERAGE(H45,AB45,AL45) -> 5211.4579 | AZ45: =AVERAGE(I45,AC45,AM45) -> -315.57559 | BA45: =AVERAGE(J45,AD45,AN45) -> 4720.4509 | BB45: =AVERAGE(K45,AE45,AO45) -> -180.60805 | ... BD45: =AVERAGE(M45,AG45,AQ45) -> 2422.038 | BE45: =AVERAGE(AU43:AU47) -> 15498.121 | BF45: =AVERAGE(AV43:AV47) -> -2673.6092 | BG45: =AVERAGE(AW43:AW47) -> 12173.62 | BH45: =AVERAGE(AX43:AX47) -> -1634.7227 | BI45: =AVERAGE(AY43:AY47) -> 5323.3703 | BJ45: =AVERAGE(AZ43:AZ47) -> -355.37233 | BK45: =AVERAGE(BA43:BA47) -> 4745.2033 | BL45: =AVERAGE(BB43:BB47) -> -124.59555 | ... BX45: =AVERAGE(BN43:BN47) -> 2396.579
C46: 21.822626 | D46: ='Sensor1_0%'!G46 -> 9858.9187 | E46: ='Sensor1_0%'!H46 -> 521.84894 | F46: ='Sensor1_15%'!G46 -> 12786.185 | G46: ='Sensor1_15%'!H46 -> 743.48161 | H46: ='Sensor1_30%'!G46 -> 2883.811 | I46: ='Sensor1_30%'!H46 -> -46.139672 | J46: ='Sensor1_45%'!G46 -> 2731.0287 | K46: ='Sensor1_45%'!H46 -> -5.0326562 | L46: ='Sensor1_60%'!G46 -> 11244.706 | M46: ='Sensor1_60%'!H46 -> 2699.3252 | N46: ='Sensor2_0%'!G46 -> 2455.2807 | O46: ='Sensor2_0%'!H46 -> -134.08157 | P46: =' Sensor2_15%'!G46 -> 23239.462 | Q46: =' Sensor2_15%'!H46 -> -1481.2229 | R46: ='Sensor2_30%'!G46 -> 1326.1754 | S46: ='Sensor2_30%'!H46 -> -116.92144 | T46: ='Sensor2_45%'!G46 -> 201.31022 | U46: ='Sensor2_45%'!H46 -> -8.6381793 | V46: ='Sensor2_60%'!G46 -> 3887.3613 | W46: ='Sensor2_60%'!H46 -> -393.76615 | X46: ='Sensor3_0%'!G46 -> 7149.7336 | Y46: ='Sensor3_0%'!H46 -> -1147.1412 | Z46: ='Sensor3_15%'!G46 -> 3959.9741 | AA46: ='Sensor3_15%'!H46 -> -842.52943 | AB46: ='Sensor3_30%'!G46 -> 3949.4665 | AC46: ='Sensor3_30%'!H46 -> -115.53894 | AD46: ='Sensor3_45%'!G46 -> 3075.1624 | AE46: ='Sensor3_45%'!H46 -> -389.83868 | AF46: ='Sensor3_60%'!G46 -> 5002.1042 | AG46: ='Sensor3_60%'!H46 -> 2233.3878 | AH46: ='Sensor4_0%'!G46 -> 27212.452 | AI46: ='Sensor4_0%'!H46 -> -4953.6224 | AJ46: ='Sensor4_15%'!G46 -> 18385.164 | AK46: ='Sensor4_15%'!H46 -> -3679.6041 | AL46: ='Sensor4_30%'!G46 -> 8153.221 | AM46: ='Sensor4_30%'!H46 -> -436.80158 | AN46: ='Sensor4_45%'!G46 -> 8455.3177 | AO46: ='Sensor4_45%'!H46 -> 190.33676 | AP46: ='Sensor4_60%'!G46 -> 13041.354 | AQ46: ='Sensor4_60%'!H46 -> 3201.2722 | AU46: =AVERAGE(D46,X46,AH46) -> 14740.368 | AV46: =AVERAGE(E46,Y46,AI46) -> -1859.6382 | AW46: =AVERAGE(F46,Z46,AJ46) -> 11710.441 | AX46: =AVERAGE(G46,AA46,AK46) -> -1259.5507 | AY46: =AVERAGE(H46,AB46,AL46) -> 4995.4995 | AZ46: =AVERAGE(I46,AC46,AM46) -> -199.4934 | BA46: =AVERAGE(J46,AD46,AN46) -> 4753.8363 | BB46: =AVERAGE(K46,AE46,AO46) -> -68.178193 | ... BD46: =AVERAGE(M46,AG46,AQ46) -> 2711.3284 | BE46: =AVERAGE(AU44:AU48) -> 14893.522 | BF46: =AVERAGE(AV44:AV48) -> -1991.255 | BG46: =AVERAGE(AW44:AW48) -> 11812.814 | BH46: =AVERAGE(AX44:AX48) -> -1320.1632 | BI46: =AVERAGE(AY44:AY48) -> 5112.9461 | BJ46: =AVERAGE(AZ44:AZ48) -> -216.54455 | BK46: =AVERAGE(BA44:BA48) -> 4757.1541 | BL46: =AVERAGE(BB44:BB48) -> -104.17228 | ... BX46: =AVERAGE(BN44:BN48) -> 2694.3011
C47: 15.562749 | D47: ='Sensor1_0%'!G47 -> 9609.5975 | E47: ='Sensor1_0%'!H47 -> 427.7433 | F47: ='Sensor1_15%'!G47 -> 13068.325 | G47: ='Sensor1_15%'!H47 -> 892.59358 | H47: ='Sensor1_30%'!G47 -> 2891.5785 | I47: ='Sensor1_30%'!H47 -> -44.025919 | J47: ='Sensor1_45%'!G47 -> 2775.6329 | K47: ='Sensor1_45%'!H47 -> -1.8450202 | L47: ='Sensor1_60%'!G47 -> 11792.031 | M47: ='Sensor1_60%'!H47 -> 2924.6425 | N47: ='Sensor2_0%'!G47 -> 2512.5322 | O47: ='Sensor2_0%'!H47 -> -135.05612 | P47: =' Sensor2_15%'!G47 -> 22999.283 | Q47: =' Sensor2_15%'!H47 -> -1235.4701 | R47: ='Sensor2_30%'!G47 -> 1333.5618 | S47: ='Sensor2_30%'!H47 -> -75.993876 | T47: ='Sensor2_45%'!G47 -> 200.46284 | U47: ='Sensor2_45%'!H47 -> -5.7359377 | V47: ='Sensor2_60%'!G47 -> 3942.907 | W47: ='Sensor2_60%'!H47 -> -253.59285 | X47: ='Sensor3_0%'!G47 -> 7252.1898 | Y47: ='Sensor3_0%'!H47 -> -787.22535 | Z47: ='Sensor3_15%'!G47 -> 3881.2302 | AA47: ='Sensor3_15%'!H47 -> -537.60756 | AB47: ='Sensor3_30%'!G47 -> 4020.174 | AC47: ='Sensor3_30%'!H47 -> 153.4729 | AD47: ='Sensor3_45%'!G47 -> 3011.6184 | AE47: ='Sensor3_45%'!H47 -> -243.9783 | AF47: ='Sensor3_60%'!G47 -> 5467.9568 | AG47: ='Sensor3_60%'!H47 -> 2686.5635 | AH47: ='Sensor4_0%'!G47 -> 25685.637 | AI47: ='Sensor4_0%'!H47 -> -3613.165 | AJ47: ='Sensor4_15%'!G47 -> 17857.603 | AK47: ='Sensor4_15%'!H47 -> -2892.0277 | AL47: ='Sensor4_30%'!G47 -> 7897.3604 | AM47: ='Sensor4_30%'!H47 -> -411.23644 | AN47: ='Sensor4_45%'!G47 -> 8534.8451 | AO47: ='Sensor4_45%'!H47 -> 185.99128 | AP47: ='Sensor4_60%'!G47 -> 13776.991 | AQ47: ='Sensor4_60%'!H47 -> 3409.8413 | AU47: =AVERAGE(D47,X47,AH47) -> 14182.475 | AV47: =AVERAGE(E47,Y47,AI47) -> -1324.2157 | AW47: =AVERAGE(F47,Z47,AJ47) -> 11602.386 | AX47: =AVERAGE(G47,AA47,AK47) -> -845.68055 | AY47: =AVERAGE(H47,AB47,AL47) -> 4936.371 | AZ47: =AVERAGE(I47,AC47,AM47) -> -100.59649 | BA47: =AVERAGE(J47,AD47,AN47) -> 4774.0321 | BB47: =AVERAGE(K47,AE47,AO47) -> -19.944013 | ... BD47: =AVERAGE(M47,AG47,AQ47) -> 3007.0158 | BE47: =AVERAGE(AU45:AU49) -> 14282.271 | BF47: =AVERAGE(AV45:AV49) -> -1438.672 | BG47: =AVERAGE(AW45:AW49) -> 11694.674 | BH47: =AVERAGE(AX45:AX49) -> -928.02449 | BI47: =AVERAGE(AY45:AY49) -> 4979.9371 | BJ47: =AVERAGE(AZ45:AZ49) -> -112.2527 | BK47: =AVERAGE(BA45:BA49) -> 4788.1977 | BL47: =AVERAGE(BB45:BB49) -> -43.008003 | ... BX47: =AVERAGE(BN45:BN49) -> 2979.5396
C48: 11.113087 | D48: ='Sensor1_0%'!G48 -> 9332.0336 | E48: ='Sensor1_0%'!H48 -> 330.13491 | F48: ='Sensor1_15%'!G48 -> 13283.692 | G48: ='Sensor1_15%'!H48 -> 962.93998 | H48: ='Sensor1_30%'!G48 -> 2897.6041 | I48: ='Sensor1_30%'!H48 -> -42.236276 | J48: ='Sensor1_45%'!G48 -> 2808.047 | K48: ='Sensor1_45%'!H48 -> -9.1460696 | L48: ='Sensor1_60%'!G48 -> 12415.146 | M48: ='Sensor1_60%'!H48 -> 3168.8126 | N48: ='Sensor2_0%'!G48 -> 2424.9494 | O48: ='Sensor2_0%'!H48 -> -51.977363 | P48: =' Sensor2_15%'!G48 -> 22640.624 | Q48: =' Sensor2_15%'!H48 -> -800.8843 | R48: ='Sensor2_30%'!G48 -> 1349.0185 | S48: ='Sensor2_30%'!H48 -> -38.177606 | T48: ='Sensor2_45%'!G48 -> 205.36213 | U48: ='Sensor2_45%'!H48 -> -3.8013595 | V48: ='Sensor2_60%'!G48 -> 3835.036 | W48: ='Sensor2_60%'!H48 -> -141.91361 | X48: ='Sensor3_0%'!G48 -> 7514.7575 | Y48: ='Sensor3_0%'!H48 -> -431.48805 | Z48: ='Sensor3_15%'!G48 -> 3850.2117 | AA48: ='Sensor3_15%'!H48 -> -257.46727 | AB48: ='Sensor3_30%'!G48 -> 4119.7539 | AC48: ='Sensor3_30%'!H48 -> 399.3654 | AD48: ='Sensor3_45%'!G48 -> 3116.9744 | AE48: ='Sensor3_45%'!H48 -> -34.054081 | AF48: ='Sensor3_60%'!G48 -> 6038.5107 | AG48: ='Sensor3_60%'!H48 -> 3182.8147 | AH48: ='Sensor4_0%'!G48 -> 24416.52 | AI48: ='Sensor4_0%'!H48 -> -2635.2819 | AJ48: ='Sensor4_15%'!G48 -> 17476.02 | AK48: ='Sensor4_15%'!H48 -> -2294.0559 | AL48: ='Sensor4_30%'!G48 -> 7652.034 | AM48: ='Sensor4_30%'!H48 -> -404.99441 | AN48: ='Sensor4_45%'!G48 -> 8587.53 | AO48: ='Sensor4_45%'!H48 -> 139.67207 | AP48: ='Sensor4_60%'!G48 -> 14532.73 | AQ48: ='Sensor4_60%'!H48 -> 3546.1905 | AU48: =AVERAGE(D48,X48,AH48) -> 13754.437 | AV48: =AVERAGE(E48,Y48,AI48) -> -912.21169 | AW48: =AVERAGE(F48,Z48,AJ48) -> 11536.641 | AX48: =AVERAGE(G48,AA48,AK48) -> -529.52772 | AY48: =AVERAGE(H48,AB48,AL48) -> 4889.7973 | AZ48: =AVERAGE(I48,AC48,AM48) -> -15.955096 | BA48: =AVERAGE(J48,AD48,AN48) -> 4837.5171 | BB48: =AVERAGE(K48,AE48,AO48) -> 32.157305 | ... BD48: =AVERAGE(M48,AG48,AQ48) -> 3299.2726 | BE48: =AVERAGE(AU46:AU50) -> 13787.2 | BF48: =AVERAGE(AV46:AV50) -> -1010.0389 | BG48: =AVERAGE(AW46:AW50) -> 11625.141 | BH48: =AVERAGE(AX46:AX50) -> -580.10345 | BI48: =AVERAGE(AY46:AY50) -> 4903.6331 | BJ48: =AVERAGE(AZ46:AZ50) -> -18.811856 | BK48: =AVERAGE(BA46:BA50) -> 4817.8449 | BL48: =AVERAGE(BB46:BB50) -> -6.0469091 | ... BX48: =AVERAGE(BN46:BN50) -> 3245.8775
C49: 7.9395328 | D49: ='Sensor1_0%'!G49 -> 9034.3472 | E49: ='Sensor1_0%'!H49 -> 230.27828 | F49: ='Sensor1_15%'!G49 -> 13882.491 | G49: ='Sensor1_15%'!H49 -> 986.02908 | H49: ='Sensor1_30%'!G49 -> 2901.9142 | I49: ='Sensor1_30%'!H49 -> -48.188214 | J49: ='Sensor1_45%'!G49 -> 2843.4441 | K49: ='Sensor1_45%'!H49 -> -17.21838 | L49: ='Sensor1_60%'!G49 -> 13115.973 | M49: ='Sensor1_60%'!H49 -> 3396.6149 | N49: ='Sensor2_0%'!G49 -> 1834.3144 | O49: ='Sensor2_0%'!H49 -> -38.185097 | P49: =' Sensor2_15%'!G49 -> 22158.376 | Q49: =' Sensor2_15%'!H49 -> -698.51384 | R49: ='Sensor2_30%'!G49 -> 1368.7075 | S49: ='Sensor2_30%'!H49 -> -10.971395 | T49: ='Sensor2_45%'!G49 -> 206.63883 | U49: ='Sensor2_45%'!H49 -> -1.9954189 | V49: ='Sensor2_60%'!G49 -> 3853.757 | W49: ='Sensor2_60%'!H49 -> -52.336491 | X49: ='Sensor3_0%'!G49 -> 7518.5804 | Y49: ='Sensor3_0%'!H49 -> -44.631162 | Z49: ='Sensor3_15%'!G49 -> 3877.8581 | AA49: ='Sensor3_15%'!H49 -> 0.99726503 | AB49: ='Sensor3_30%'!G49 -> 4255.608 | AC49: ='Sensor3_30%'!H49 -> 638.243 | AD49: ='Sensor3_45%'!G49 -> 3112.573 | AE49: ='Sensor3_45%'!H49 -> 71.739567 | AF49: ='Sensor3_60%'!G49 -> 6741.4952 | AG49: ='Sensor3_60%'!H49 -> 3720.7181 | AH49: ='Sensor4_0%'!G49 -> 23297.853 | AI49: ='Sensor4_0%'!H49 -> -1923.7117 | AJ49: ='Sensor4_15%'!G49 -> 17187.318 | AK49: ='Sensor4_15%'!H49 -> -1851.488 | AL49: ='Sensor4_30%'!G49 -> 7442.1573 | AM49: ='Sensor4_30%'!H49 -> -378.9836 | AN49: ='Sensor4_45%'!G49 -> 8609.4394 | AO49: ='Sensor4_45%'!H49 -> 10.07761 | AP49: ='Sensor4_60%'!G49 -> 15338.784 | AQ49: ='Sensor4_60%'!H49 -> 3521.3663 | AU49: =AVERAGE(D49,X49,AH49) -> 13283.594 | AV49: =AVERAGE(E49,Y49,AI49) -> -579.35488 | AW49: =AVERAGE(F49,Z49,AJ49) -> 11649.222 | AX49: =AVERAGE(G49,AA49,AK49) -> -288.15389 | AY49: =AVERAGE(H49,AB49,AL49) -> 4866.5598 | AZ49: =AVERAGE(I49,AC49,AM49) -> 70.357062 | BA49: =AVERAGE(J49,AD49,AN49) -> 4855.1522 | BB49: =AVERAGE(K49,AE49,AO49) -> 21.532932 | ... BD49: =AVERAGE(M49,AG49,AQ49) -> 3546.2331 | BE49: =AVERAGE(AU47:AU51) -> 13372.543 | BF49: =AVERAGE(AV47:AV51) -> -674.82279 | BG49: =AVERAGE(AW47:AW51) -> 11629.634 | BH49: =AVERAGE(AX47:AX51) -> -320.14656 | BI49: =AVERAGE(AY47:AY51) -> 4873.2228 | BJ49: =AVERAGE(AZ47:AZ51) -> 71.449678 | BK49: =AVERAGE(BA47:BA51) -> 4847.5239 | BL49: =AVERAGE(BB47:BB51) -> 8.4860784 | ... BX49: =AVERAGE(BN47:BN51) -> 3477.5954
C50: 5.6694484 | D50: ='Sensor1_0%'!G50 -> 8693.6388 | E50: ='Sensor1_0%'!H50 -> 111.27134 | F50: ='Sensor1_15%'!G50 -> 14029.811 | G50: ='Sensor1_15%'!H50 -> 1371.6484 | H50: ='Sensor1_30%'!G50 -> 2898.457 | I50: ='Sensor1_30%'!H50 -> -48.009686 | J50: ='Sensor1_45%'!G50 -> 2866.8649 | K50: ='Sensor1_45%'!H50 -> -23.596904 | L50: ='Sensor1_60%'!G50 -> 13933.002 | M50: ='Sensor1_60%'!H50 -> 3558.8419 | N50: ='Sensor2_0%'!G50 -> 1129.1474 | O50: ='Sensor2_0%'!H50 -> -47.825029 | P50: =' Sensor2_15%'!G50 -> 22408.567 | Q50: =' Sensor2_15%'!H50 -> -617.1265 | R50: ='Sensor2_30%'!G50 -> 1379.5397 | S50: ='Sensor2_30%'!H50 -> 0.2146118 | T50: ='Sensor2_45%'!G50 -> 217.1009 | U50: ='Sensor2_45%'!H50 -> -7.4244849 | V50: ='Sensor2_60%'!G50 -> 3949.0504 | W50: ='Sensor2_60%'!H50 -> -84.889388 | X50: ='Sensor3_0%'!G50 -> 7978.5786 | Y50: ='Sensor3_0%'!H50 -> 214.17354 | Z50: ='Sensor3_15%'!G50 -> 3952.2893 | AA50: ='Sensor3_15%'!H50 -> 239.20442 | AB50: ='Sensor3_30%'!G50 -> 4429.7363 | AC50: ='Sensor3_30%'!H50 -> 877.72408 | AD50: ='Sensor3_45%'!G50 -> 3170.545 | AE50: ='Sensor3_45%'!H50 -> 118.25439 | AF50: ='Sensor3_60%'!G50 -> 7593.4152 | AG50: ='Sensor3_60%'!H50 -> 4294.8951 | AH50: ='Sensor4_0%'!G50 -> 22253.155 | AI50: ='Sensor4_0%'!H50 -> -1449.7665 | AJ50: ='Sensor4_15%'!G50 -> 16898.938 | AK50: ='Sensor4_15%'!H50 -> -1543.6662 | AL50: ='Sensor4_30%'!G50 -> 7161.6204 | AM50: ='Sensor4_30%'!H50 -> -374.82848 | AN50: ='Sensor4_45%'!G50 -> 8568.6506 | AO50: ='Sensor4_45%'!H50 -> -82.06522 | AP50: ='Sensor4_60%'!G50 -> 16115.241 | AQ50: ='Sensor4_60%'!H50 -> 3518.1976 | AU50: =AVERAGE(D50,X50,AH50) -> 12975.124 | AV50: =AVERAGE(E50,Y50,AI50) -> -374.77386 | AW50: =AVERAGE(F50,Z50,AJ50) -> 11627.013 | AX50: =AVERAGE(G50,AA50,AK50) -> 22.395545 | AY50: =AVERAGE(H50,AB50,AL50) -> 4829.9379 | AZ50: =AVERAGE(I50,AC50,AM50) -> 151.62864 | BA50: =AVERAGE(J50,AD50,AN50) -> 4868.6868 | BB50: =AVERAGE(K50,AE50,AO50) -> 4.1974229 | ... BD50: =AVERAGE(M50,AG50,AQ50) -> 3790.6449 | BE50: =AVERAGE(AU48:AU52) -> 13001.847 | BF50: =AVERAGE(AV48:AV52) -> -411.93881 | BG50: =AVERAGE(AW48:AW52) -> 11654.115 | BH50: =AVERAGE(AX48:AX52) -> -115.51957 | BI50: =AVERAGE(AY48:AY52) -> 4856.2147 | BJ50: =AVERAGE(AZ48:AZ52) -> 161.43709 | BK50: =AVERAGE(BA48:BA52) -> 4877.9381 | BL50: =AVERAGE(BB48:BB52) -> 12.681027 | ... BX50: =AVERAGE(BN48:BN52) -> 3660.6879
C51: 4.0500259 | D51: ='Sensor1_0%'!G51 -> 8366.7187 | E51: ='Sensor1_0%'!H51 -> 6.2752348 | F51: ='Sensor1_15%'!G51 -> 14468.847 | G51: ='Sensor1_15%'!H51 -> 1000.5145 | H51: ='Sensor1_30%'!G51 -> 2897.0008 | I51: ='Sensor1_30%'!H51 -> -40.876726 | J51: ='Sensor1_45%'!G51 -> 2880.8989 | K51: ='Sensor1_45%'!H51 -> -43.578481 | L51: ='Sensor1_60%'!G51 -> 14794.124 | M51: ='Sensor1_60%'!H51 -> 3615.2153 | N51: ='Sensor2_0%'!G51 -> 909.93125 | O51: ='Sensor2_0%'!H51 -> 10.148576 | P51: =' Sensor2_15%'!G51 -> 22777.563 | Q51: =' Sensor2_15%'!H51 -> 189.59462 | R51: ='Sensor2_30%'!G51 -> 1374.2093 | S51: ='Sensor2_30%'!H51 -> -0.99337241 | T51: ='Sensor2_45%'!G51 -> 209.77279 | U51: ='Sensor2_45%'!H51 -> -0.74824207 | V51: ='Sensor2_60%'!G51 -> 3834.3492 | W51: ='Sensor2_60%'!H51 -> -27.114938 | X51: ='Sensor3_0%'!G51 -> 8325.1856 | Y51: ='Sensor3_0%'!H51 -> 588.65186 | Z51: ='Sensor3_15%'!G51 -> 4078.4004 | AA51: ='Sensor3_15%'!H51 -> 455.95847 | AB51: ='Sensor3_30%'!G51 -> 4650.7575 | AC51: ='Sensor3_30%'!H51 -> 1115.9594 | AD51: ='Sensor3_45%'!G51 -> 3346.7073 | AE51: ='Sensor3_45%'!H51 -> 228.61109 | AF51: ='Sensor3_60%'!G51 -> 8617.4552 | AG51: ='Sensor3_60%'!H51 -> 4860.5604 | AH51: ='Sensor4_0%'!G51 -> 21309.354 | AI51: ='Sensor4_0%'!H51 -> -1145.6006 | AJ51: ='Sensor4_15%'!G51 -> 16651.476 | AK51: ='Sensor4_15%'!H51 -> -1335.7715 | AL51: ='Sensor4_30%'!G51 -> 6982.5854 | AM51: ='Sensor4_30%'!H51 -> -319.63983 | AN51: ='Sensor4_45%'!G51 -> 8479.0871 | AO51: ='Sensor4_45%'!H51 -> -171.57238 | AP51: ='Sensor4_60%'!G51 -> 16871.046 | AQ51: ='Sensor4_60%'!H51 -> 3372.558 | AU51: =AVERAGE(D51,X51,AH51) -> 12667.086 | AV51: =AVERAGE(E51,Y51,AI51) -> -183.55784 | AW51: =AVERAGE(F51,Z51,AJ51) -> 11732.908 | AX51: =AVERAGE(G51,AA51,AK51) -> 40.233833 | AY51: =AVERAGE(H51,AB51,AL51) -> 4843.4479 | AZ51: =AVERAGE(I51,AC51,AM51) -> 251.81427 | BA51: =AVERAGE(J51,AD51,AN51) -> 4902.2311 | BB51: =AVERAGE(K51,AE51,AO51) -> 4.4867445 | ... BD51: =AVERAGE(M51,AG51,AQ51) -> 3949.4446 | BE51: =AVERAGE(AU49:AU53) -> 12655.973 | BF51: =AVERAGE(AV49:AV53) -> -234.83535 | BG51: =AVERAGE(AW49:AW53) -> 11698.1 | BH51: =AVERAGE(AX49:AX53) -> 37.626906 | BI51: =AVERAGE(AY49:AY53) -> 4859.5793 | BJ51: =AVERAGE(AZ49:AZ53) -> 252.13359 | BK51: =AVERAGE(BA49:BA53) -> 4895.8373 | BL51: =AVERAGE(BB49:BB53) -> -2.632811 | ... BN51: =AVERAGE(BD49:BD53) -> 3871.9658
C52: 2.8935184 | D52: ='Sensor1_0%'!G52 -> 8070.826 | E52: ='Sensor1_0%'!H52 -> -67.037942 | F52: ='Sensor1_15%'!G52 -> 14513.324 | G52: ='Sensor1_15%'!H52 -> 977.33301 | H52: ='Sensor1_30%'!G52 -> 2914.1012 | I52: ='Sensor1_30%'!H52 -> -46.206263 | J52: ='Sensor1_45%'!G52 -> 2914.6584 | K52: ='Sensor1_45%'!H52 -> -49.661616 | L52: ='Sensor1_60%'!G52 -> 15730.165 | M52: ='Sensor1_60%'!H52 -> 3642.2491 | N52: ='Sensor2_0%'!G52 -> 881.96828 | O52: ='Sensor2_0%'!H52 -> -65.268358 | P52: =' Sensor2_15%'!G52 -> 21568.493 | Q52: =' Sensor2_15%'!H52 -> 113.74888 | R52: ='Sensor2_30%'!G52 -> 1333.5541 | S52: ='Sensor2_30%'!H52 -> 33.746684 | T52: ='Sensor2_45%'!G52 -> 210.81712 | U52: ='Sensor2_45%'!H52 -> 2.5062137 | V52: ='Sensor2_60%'!G52 -> 3814.3868 | W52: ='Sensor2_60%'!H52 -> -3.9981527 | X52: ='Sensor3_0%'!G52 -> 8722.079 | Y52: ='Sensor3_0%'!H52 -> 902.14279 | Z52: ='Sensor3_15%'!G52 -> 4248.0517 | AA52: ='Sensor3_15%'!H52 -> 660.18905 | AB52: ='Sensor3_30%'!G52 -> 4925.2732 | AC52: ='Sensor3_30%'!H52 -> 1373.335 | AD52: ='Sensor3_45%'!G52 -> 3470.6918 | AE52: ='Sensor3_45%'!H52 -> 281.37472 | AF52: ='Sensor3_60%'!G52 -> 9831.2332 | AG52: ='Sensor3_60%'!H52 -> 5406.0133 | AH52: ='Sensor4_0%'!G52 -> 20194.072 | AI52: ='Sensor4_0%'!H52 -> -864.4923 | AJ52: ='Sensor4_15%'!G52 -> 16412.998 | AK52: ='Sensor4_15%'!H52 -> -1105.1589 | AL52: ='Sensor4_30%'!G52 -> 6714.6171 | AM52: ='Sensor4_30%'!H52 -> -279.10707 | AN52: ='Sensor4_45%'!G52 -> 8392.9599 | AO52: ='Sensor4_45%'!H52 -> -228.62091 | AP52: ='Sensor4_60%'!G52 -> 17524.138 | AQ52: ='Sensor4_60%'!H52 -> 3136.1417 | AU52: =AVERAGE(D52,X52,AH52) -> 12328.992 | AV52: =AVERAGE(E52,Y52,AI52) -> -9.7958173 | AW52: =AVERAGE(F52,Z52,AJ52) -> 11724.791 | AX52: =AVERAGE(G52,AA52,AK52) -> 177.45439 | AY52: =AVERAGE(H52,AB52,AL52) -> 4851.3305 | AZ52: =AVERAGE(I52,AC52,AM52) -> 349.34057 | BA52: =AVERAGE(J52,AD52,AN52) -> 4926.1034 | BB52: =AVERAGE(K52,AE52,AO52) -> 1.0307285 | ... BD52: =AVERAGE(M52,AG52,AQ52) -> 4061.468 | BE52: =AVERAGE(AU50:AU54) -> 12378.872 | BF52: =AVERAGE(AV50:AV54) -> -86.677525 | BG52: =AVERAGE(AW50:AW54) -> 11723.837 | BH52: =AVERAGE(AX50:AX54) -> 152.52729 | BI52: =AVERAGE(AY50:AY54) -> 4876.8467 | BJ52: =AVERAGE(AZ50:AZ54) -> 341.20098 | BK52: =AVERAGE(BA50:BA54) -> 4909.198 | BL52: =AVERAGE(BB50:BB54) -> -9.9482872 | ... BN52: =AVERAGE(BD50:BD54) -> 3912.6397
C53: 2.0662522 | D53: ='Sensor1_0%'!G53 -> 7600.2556 | E53: ='Sensor1_0%'!H53 -> -187.16416 | F53: ='Sensor1_15%'!G53 -> 14588.816 | G53: ='Sensor1_15%'!H53 -> 860.91342 | H53: ='Sensor1_30%'!G53 -> 2894.0884 | I53: ='Sensor1_30%'!H53 -> -21.803194 | J53: ='Sensor1_45%'!G53 -> 2909.4701 | K53: ='Sensor1_45%'!H53 -> -91.243907 | L53: ='Sensor1_60%'!G53 -> 16633.933 | M53: ='Sensor1_60%'!H53 -> 3539.2499 | N53: ='Sensor2_0%'!G53 -> 1052.352 | O53: ='Sensor2_0%'!H53 -> -64.059717 | P53: =' Sensor2_15%'!G53 -> 22296.247 | Q53: =' Sensor2_15%'!H53 -> -548.80068 | R53: ='Sensor2_30%'!G53 -> 1397.9857 | S53: ='Sensor2_30%'!H53 -> 28.570206 | T53: ='Sensor2_45%'!G53 -> 207.86501 | U53: ='Sensor2_45%'!H53 -> 4.2342409 | V53: ='Sensor2_60%'!G53 -> 3868.0966 | W53: ='Sensor2_60%'!H53 -> 8.8075682 | X53: ='Sensor3_0%'!G53 -> 9149.73 | Y53: ='Sensor3_0%'!H53 -> 843.52595 | Z53: ='Sensor3_15%'!G53 -> 4451.43 | AA53: ='Sensor3_15%'!H53 -> 840.80659 | AB53: ='Sensor3_30%'!G53 -> 5253.2944 | AC53: ='Sensor3_30%'!H53 -> 1601.5567 | AD53: ='Sensor3_45%'!G53 -> 3598.7936 | AE53: ='Sensor3_45%'!H53 -> 239.99884 | AF53: ='Sensor3_60%'!G53 -> 11226.925 | AG53: ='Sensor3_60%'!H53 -> 5820.0149 | AH53: ='Sensor4_0%'!G53 -> 19325.215 | AI53: ='Sensor4_0%'!H53 -> -736.44495 | AJ53: ='Sensor4_15%'!G53 -> 16229.445 | AK53: ='Sensor4_15%'!H53 -> -993.10606 | AL53: ='Sensor4_30%'!G53 -> 6572.4781 | AM53: ='Sensor4_30%'!H53 -> -267.17132 | AN53: ='Sensor4_45%'!G53 -> 8272.7753 | AO53: ='Sensor4_45%'!H53 -> -281.99058 | AP53: ='Sensor4_60%'!G53 -> 18143.022 | AQ53: ='Sensor4_60%'!H53 -> 2676.8504 | AU53: =AVERAGE(D53,X53,AH53) -> 12025.067 | AV53: =AVERAGE(E53,Y53,AI53) -> -26.694385 | AW53: =AVERAGE(F53,Z53,AJ53) -> 11756.564 | AX53: =AVERAGE(G53,AA53,AK53) -> 236.20465 | AY53: =AVERAGE(H53,AB53,AL53) -> 4906.6203 | AZ53: =AVERAGE(I53,AC53,AM53) -> 437.52741 | BA53: =AVERAGE(J53,AD53,AN53) -> 4927.013 | BB53: =AVERAGE(K53,AE53,AO53) -> -44.411883 | ... BD53: =AVERAGE(M53,AG53,AQ53) -> 4012.0384
C54: 1.476006 | D54: ='Sensor1_0%'!G54 -> 7175.423 | E54: ='Sensor1_0%'!H54 -> -298.58033 | F54: ='Sensor1_15%'!G54 -> 14675.245 | G54: ='Sensor1_15%'!H54 -> 830.14606 | H54: ='Sensor1_30%'!G54 -> 2909.9152 | I54: ='Sensor1_30%'!H54 -> -54.898941 | J54: ='Sensor1_45%'!G54 -> 2900.2341 | K54: ='Sensor1_45%'!H54 -> -109.83542 | L54: ='Sensor1_60%'!G54 -> 17692.843 | M54: ='Sensor1_60%'!H54 -> 3165.0121 | N54: ='Sensor2_0%'!G54 -> 1142.3396 | O54: ='Sensor2_0%'!H54 -> -24.787348 | P54: =' Sensor2_15%'!G54 -> 22586.777 | Q54: =' Sensor2_15%'!H54 -> 487.39589 | R54: ='Sensor2_30%'!G54 -> 1348.509 | S54: ='Sensor2_30%'!H54 -> 14.517862 | T54: ='Sensor2_45%'!G54 -> 214.5729 | U54: ='Sensor2_45%'!H54 -> 4.9289362 | V54: ='Sensor2_60%'!G54 -> 3884.6643 | W54: ='Sensor2_60%'!H54 -> 73.968626 | X54: ='Sensor3_0%'!G54 -> 9995.9794 | Y54: ='Sensor3_0%'!H54 -> 1585.3597 | Z54: ='Sensor3_15%'!G54 -> 4705.5675 | AA54: ='Sensor3_15%'!H54 -> 1009.5493 | AB54: ='Sensor3_30%'!G54 -> 5655.1488 | AC54: ='Sensor3_30%'!H54 -> 1834.5706 | AD54: ='Sensor3_45%'!G54 -> 3768.7557 | AE54: ='Sensor3_45%'!H54 -> 331.6621 | AF54: ='Sensor3_60%'!G54 -> 12797.17 | AG54: ='Sensor3_60%'!H54 -> 6015.646 | AH54: ='Sensor4_0%'!G54 -> 18522.875 | AI54: ='Sensor4_0%'!H54 -> -802.47658 | AJ54: ='Sensor4_15%'!G54 -> 15952.917 | AK54: ='Sensor4_15%'!H54 -> -980.65135 | AL54: ='Sensor4_30%'!G54 -> 6293.626 | AM54: ='Sensor4_30%'!H54 -> -232.58963 | AN54: ='Sensor4_45%'!G54 -> 8096.8769 | AO54: ='Sensor4_45%'!H54 -> -266.96003 | AP54: ='Sensor4_60%'!G54 -> 18601.078 | AQ54: ='Sensor4_60%'!H54 -> 2068.1498 | AU54: =AVERAGE(D54,X54,AH54) -> 11898.093 | AV54: =AVERAGE(E54,Y54,AI54) -> 161.43427 | AW54: =AVERAGE(F54,Z54,AJ54) -> 11777.91 | AX54: =AVERAGE(G54,AA54,AK54) -> 286.34801 | AY54: =AVERAGE(H54,AB54,AL54) -> 4952.8967 | AZ54: =AVERAGE(I54,AC54,AM54) -> 515.69401 | BA54: =AVERAGE(J54,AD54,AN54) -> 4921.9556 | BB54: =AVERAGE(K54,AE54,AO54) -> -15.044448 | ... BD54: =AVERAGE(M54,AG54,AQ54) -> 3749.6026
C55: 1.0541762 | D55: ='Sensor1_0%'!G55 -> 6699.4801 | E55: ='Sensor1_0%'!H55 -> -420.8692 | F55: ='Sensor1_15%'!G55 -> 15015.694 | G55: ='Sensor1_15%'!H55 -> 564.76355 | H55: ='Sensor1_30%'!G55 -> 2907.7881 | I55: ='Sensor1_30%'!H55 -> -68.103773 | J55: ='Sensor1_45%'!G55 -> 2900.8399 | K55: ='Sensor1_45%'!H55 -> -140.38197 | L55: ='Sensor1_60%'!G55 -> 18439.747 | M55: ='Sensor1_60%'!H55 -> 2683.1805 | N55: ='Sensor2_0%'!G55 -> 1410.6342 | O55: ='Sensor2_0%'!H55 -> 60.672355 | P55: =' Sensor2_15%'!G55 -> 21087.838 | Q55: =' Sensor2_15%'!H55 -> 715.04519 | R55: ='Sensor2_30%'!G55 -> 1301.0129 | S55: ='Sensor2_30%'!H55 -> 31.436986 | T55: ='Sensor2_45%'!G55 -> 201.83397 | U55: ='Sensor2_45%'!H55 -> -8.9377658 | V55: ='Sensor2_60%'!G55 -> 3922.2135 | W55: ='Sensor2_60%'!H55 -> 89.699782 | X55: ='Sensor3_0%'!G55 -> 10569.306 | Y55: ='Sensor3_0%'!H55 -> 1994.9192 | Z55: ='Sensor3_15%'!G55 -> 4986.1056 | AA55: ='Sensor3_15%'!H55 -> 1178.1243 | AB55: ='Sensor3_30%'!G55 -> 6108.0344 | AC55: ='Sensor3_30%'!H55 -> 2043.3046 | AD55: ='Sensor3_45%'!G55 -> 4467.6361 | AE55: ='Sensor3_45%'!H55 -> 557.27625 | AF55: ='Sensor3_60%'!G55 -> 14444.277 | AG55: ='Sensor3_60%'!H55 -> 5952.8954 | AH55: ='Sensor4_0%'!G55 -> 17238.738 | AI55: ='Sensor4_0%'!H55 -> -747.93463 | AJ55: ='Sensor4_15%'!G55 -> 15686.828 | AK55: ='Sensor4_15%'!H55 -> -944.315 | AL55: ='Sensor4_30%'!G55 -> 6224.4938 | AM55: ='Sensor4_30%'!H55 -> -232.50138 | AN55: ='Sensor4_45%'!G55 -> 7929.4184 | AO55: ='Sensor4_45%'!H55 -> -266.70838 | AP55: ='Sensor4_60%'!G55 -> 18765.834 | AQ55: ='Sensor4_60%'!H55 -> 1572.9197
C56: 0.75301206 | D56: ='Sensor1_0%'!G56 -> 6176.9759 | E56: ='Sensor1_0%'!H56 -> -509.78681 | F56: ='Sensor1_15%'!G56 -> 15090.832 | G56: ='Sensor1_15%'!H56 -> 367.76705 | H56: ='Sensor1_30%'!G56 -> 2905.2269 | I56: ='Sensor1_30%'!H56 -> -62.962689 | J56: ='Sensor1_45%'!G56 -> 2901.7278 | K56: ='Sensor1_45%'!H56 -> -186.51693 | L56: ='Sensor1_60%'!G56 -> 19161.22 | M56: ='Sensor1_60%'!H56 -> 1945.6345 | N56: ='Sensor2_0%'!G56 -> 1332.1519 | O56: ='Sensor2_0%'!H56 -> 10.35012 | P56: =' Sensor2_15%'!G56 -> 29591.574 | Q56: =' Sensor2_15%'!H56 -> -3788.2131 | R56: ='Sensor2_30%'!G56 -> 1336.8473 | S56: ='Sensor2_30%'!H56 -> 23.261208 | T56: ='Sensor2_45%'!G56 -> 215.497 | U56: ='Sensor2_45%'!H56 -> -2.6109517 | V56: ='Sensor2_60%'!G56 -> 4081.8137 | W56: ='Sensor2_60%'!H56 -> 19.370644 | X56: ='Sensor3_0%'!G56 -> 11496.929 | Y56: ='Sensor3_0%'!H56 -> 2208.0493 | Z56: ='Sensor3_15%'!G56 -> 5345.2707 | AA56: ='Sensor3_15%'!H56 -> 1346.4614 | AB56: ='Sensor3_30%'!G56 -> 6606.4849 | AC56: ='Sensor3_30%'!H56 -> 2220.2542 | AD56: ='Sensor3_45%'!G56 -> 4640.0767 | AE56: ='Sensor3_45%'!H56 -> 390.96311 | AF56: ='Sensor3_60%'!G56 -> 16048.356 | AG56: ='Sensor3_60%'!H56 -> 5511.2542 | AH56: ='Sensor4_0%'!G56 -> 16229.975 | AI56: ='Sensor4_0%'!H56 -> -805.62715 | AJ56: ='Sensor4_15%'!G56 -> 15363.401 | AK56: ='Sensor4_15%'!H56 -> -946.02909 | AL56: ='Sensor4_30%'!G56 -> 5903.2744 | AM56: ='Sensor4_30%'!H56 -> -185.37435 | AN56: ='Sensor4_45%'!G56 -> 7911.0672 | AO56: ='Sensor4_45%'!H56 -> -197.05865 | AP56: ='Sensor4_60%'!G56 -> 18811.36 | AQ56: ='Sensor4_60%'!H56 -> 1097.2611
C57: 0.53782874 | D57: ='Sensor1_0%'!G57 -> 5582.9128 | E57: ='Sensor1_0%'!H57 -> -570.56024 | F57: ='Sensor1_15%'!G57 -> 16426.097 | G57: ='Sensor1_15%'!H57 -> 435.96781 | H57: ='Sensor1_30%'!G57 -> 2929.1363 | I57: ='Sensor1_30%'!H57 -> -107.40111 | J57: ='Sensor1_45%'!G57 -> 2937.0036 | K57: ='Sensor1_45%'!H57 -> -241.37472 | L57: ='Sensor1_60%'!G57 -> 19485.744 | M57: ='Sensor1_60%'!H57 -> 1118.221 | N57: ='Sensor2_0%'!G57 -> 1307.9018 | O57: ='Sensor2_0%'!H57 -> -203.61035 | P57: =' Sensor2_15%'!G57 -> 24837.643 | Q57: =' Sensor2_15%'!H57 -> 3118.0969 | R57: ='Sensor2_30%'!G57 -> 1327.6027 | S57: ='Sensor2_30%'!H57 -> 31.384481 | T57: ='Sensor2_45%'!G57 -> 199.82613 | U57: ='Sensor2_45%'!H57 -> -8.434716 | V57: ='Sensor2_60%'!G57 -> 3801.3956 | W57: ='Sensor2_60%'!H57 -> -56.967363 | X57: ='Sensor3_0%'!G57 -> 11390.331 | Y57: ='Sensor3_0%'!H57 -> 1931.2326 | Z57: ='Sensor3_15%'!G57 -> 5764.3171 | AA57: ='Sensor3_15%'!H57 -> 1541.208 | AB57: ='Sensor3_30%'!G57 -> 7159.7212 | AC57: ='Sensor3_30%'!H57 -> 2409.7507 | AD57: ='Sensor3_45%'!G57 -> 5272.3209 | AE57: ='Sensor3_45%'!H57 -> 423.27687 | AF57: ='Sensor3_60%'!G57 -> 17471.781 | AG57: ='Sensor3_60%'!H57 -> 4698.8904 | AH57: ='Sensor4_0%'!G57 -> 15260.317 | AI57: ='Sensor4_0%'!H57 -> -749.55744 | AJ57: ='Sensor4_15%'!G57 -> 14938.629 | AK57: ='Sensor4_15%'!H57 -> -939.56208 | AL57: ='Sensor4_30%'!G57 -> 5637.406 | AM57: ='Sensor4_30%'!H57 -> -169.98066 | AN57: ='Sensor4_45%'!G57 -> 7792.2277 | AO57: ='Sensor4_45%'!H57 -> -116.98335 | AP57: ='Sensor4_60%'!G57 -> 18437.255 | AQ57: ='Sensor4_60%'!H57 -> 446.37211
C58: 0.38417092 | D58: ='Sensor1_0%'!G58 -> 5017.8731 | E58: ='Sensor1_0%'!H58 -> -604.53637 | F58: ='Sensor1_15%'!G58 -> 15577.248 | G58: ='Sensor1_15%'!H58 -> -378.03488 | H58: ='Sensor1_30%'!G58 -> 2883.6107 | I58: ='Sensor1_30%'!H58 -> -127.19374 | J58: ='Sensor1_45%'!G58 -> 2866.154 | K58: ='Sensor1_45%'!H58 -> -319.98047 | L58: ='Sensor1_60%'!G58 -> 19250.31 | M58: ='Sensor1_60%'!H58 -> -35.818617 | N58: ='Sensor2_0%'!G58 -> 959.61006 | O58: ='Sensor2_0%'!H58 -> 10.678252 | P58: =' Sensor2_15%'!G58 -> 23718.709 | Q58: =' Sensor2_15%'!H58 -> 520.96981 | R58: ='Sensor2_30%'!G58 -> 1291.7861 | S58: ='Sensor2_30%'!H58 -> 19.827679 | T58: ='Sensor2_45%'!G58 -> 210.28968 | U58: ='Sensor2_45%'!H58 -> -4.3916122 | V58: ='Sensor2_60%'!G58 -> 4004.1063 | W58: ='Sensor2_60%'!H58 -> 209.94543 | X58: ='Sensor3_0%'!G58 -> 10442.399 | Y58: ='Sensor3_0%'!H58 -> 3548.8111 | Z58: ='Sensor3_15%'!G58 -> 6356.3254 | AA58: ='Sensor3_15%'!H58 -> 1773.5021 | AB58: ='Sensor3_30%'!G58 -> 7754.9226 | AC58: ='Sensor3_30%'!H58 -> 2578.3967 | AD58: ='Sensor3_45%'!G58 -> 5450.1602 | AE58: ='Sensor3_45%'!H58 -> 567.0649 | AF58: ='Sensor3_60%'!G58 -> 18409.382 | AG58: ='Sensor3_60%'!H58 -> 3542.9038 | AH58: ='Sensor4_0%'!G58 -> 14532.087 | AI58: ='Sensor4_0%'!H58 -> -818.22537 | AJ58: ='Sensor4_15%'!G58 -> 14537.788 | AK58: ='Sensor4_15%'!H58 -> -904.94321 | AL58: ='Sensor4_30%'!G58 -> 5431.5533 | AM58: ='Sensor4_30%'!H58 -> -161.54279 | AN58: ='Sensor4_45%'!G58 -> 7692.3631 | AO58: ='Sensor4_45%'!H58 -> 14.947623 | AP58: ='Sensor4_60%'!G58 -> 18241.106 | AQ58: ='Sensor4_60%'!H58 -> -293.98555
C59: 0.27440202 | D59: ='Sensor1_0%'!G59 -> 4340.8624 | E59: ='Sensor1_0%'!H59 -> -527.9768 | F59: ='Sensor1_15%'!G59 -> 15931.284 | G59: ='Sensor1_15%'!H59 -> -579.25275 | H59: ='Sensor1_30%'!G59 -> 2815.3126 | I59: ='Sensor1_30%'!H59 -> -131.58977 | J59: ='Sensor1_45%'!G59 -> 2962.4916 | K59: ='Sensor1_45%'!H59 -> -367.01061 | L59: ='Sensor1_60%'!G59 -> 18778.872 | M59: ='Sensor1_60%'!H59 -> -898.00708 | N59: ='Sensor2_0%'!G59 -> 1190.3713 | O59: ='Sensor2_0%'!H59 -> -165.97675 | P59: =' Sensor2_15%'!G59 -> 25413.254 | Q59: =' Sensor2_15%'!H59 -> 182.8917 | R59: ='Sensor2_30%'!G59 -> 1275.9639 | S59: ='Sensor2_30%'!H59 -> 18.771816 | T59: ='Sensor2_45%'!G59 -> 218.30902 | U59: ='Sensor2_45%'!H59 -> 11.176398 | V59: ='Sensor2_60%'!G59 -> 4019.1684 | W59: ='Sensor2_60%'!H59 -> -19.76514 | X59: ='Sensor3_0%'!G59 -> 14372.003 | Y59: ='Sensor3_0%'!H59 -> 2599.323 | Z59: ='Sensor3_15%'!G59 -> 7247.3811 | AA59: ='Sensor3_15%'!H59 -> 2163.608 | AB59: ='Sensor3_30%'!G59 -> 8460.3264 | AC59: ='Sensor3_30%'!H59 -> 2786.9893 | AD59: ='Sensor3_45%'!G59 -> 6823.7015 | AE59: ='Sensor3_45%'!H59 -> 483.92455 | AF59: ='Sensor3_60%'!G59 -> 18556.349 | AG59: ='Sensor3_60%'!H59 -> 1959.3174 | AH59: ='Sensor4_0%'!G59 -> 13403.797 | AI59: ='Sensor4_0%'!H59 -> -832.10479 | AJ59: ='Sensor4_15%'!G59 -> 14228.981 | AK59: ='Sensor4_15%'!H59 -> -1108.3689 | AL59: ='Sensor4_30%'!G59 -> 5055.6262 | AM59: ='Sensor4_30%'!H59 -> -205.61533 | AN59: ='Sensor4_45%'!G59 -> 7531.8213 | AO59: ='Sensor4_45%'!H59 -> 119.30691 | AP59: ='Sensor4_60%'!G59 -> 18026.91 | AQ59: ='Sensor4_60%'!H59 -> -170.14173
