Workbook

Sheet Wavelenght
A1: FTIR | B1: Laccase biosensor | C1: Raw sensor
A2: Wavenumber | B2: Laccase Biosensor | C2: bruto | F2: corrección de linea base | I2: Suavizado
A3: 3997.4336 | B3: 97.9985 | C3: long | D3: abs | F3: long | G3: abs | I3: long | J3: abs
A4: 3995.372 | B4: 97.9985 | C4: 3997.5274 | D4: 5.2e-05 | E4: =1-D4 -> 0.999948 | F4: 3997.5274 | G4: 6.8e-05 | H4: =1-G4 -> 0.999932 | I4: 3997.5274 | J4: 0.000129 | K4: =0.969999966656663*100+1 -> 97.999997 | L4: =98-J4 -> 97.999871
A5: 3993.3104 | B5: 97.9985 | C5: 3995.4658 | D5: 7.7e-05 | E5: =1-D5 -> 0.999923 | F5: 3995.4658 | G5: 9.4e-05 | H5: =1-G5 -> 0.999906 | I5: 3995.4658 | J5: 0.000129 | K5: =0.969999966656663*100+1 -> 97.999997 | L5: =98-J5 -> 97.999871
A6: 3991.2488 | B6: 97.9985 | C6: 3993.4041 | D6: 0.000131 | E6: =1-D6 -> 0.999869 | F6: 3993.4041 | G6: 0.000149 | H6: =1-G6 -> 0.999851 | I6: 3993.4041 | J6: 0.000129 | K6: =0.969999966656663*100+1 -> 97.999997 | L6: =98-J6 -> 97.999871
A7: 3989.1872 | B7: 97.9985 | C7: 3991.3425 | D7: 0.000153 | E7: =1-D7 -> 0.999847 | F7: 3991.3425 | G7: 0.000172 | H7: =1-G7 -> 0.999828 | I7: 3991.3425 | J7: 0.000129 | K7: =0.969999966656663*100+1 -> 97.999997 | L7: =98-J7 -> 97.999871
A8: 3987.1256 | B8: 97.9985 | C8: 3989.2809 | D8: 0.000128 | E8: =1-D8 -> 0.999872 | F8: 3989.2809 | G8: 0.000148 | H8: =1-G8 -> 0.999852 | I8: 3989.2809 | J8: 0.000129 | K8: =0.969999966656663*100+1 -> 97.999997 | L8: =98-J8 -> 97.999871
A9: 3985.064 | B9: 97.9985 | C9: 3987.2192 | D9: 0.000125 | E9: =1-D9 -> 0.999875 | F9: 3987.2192 | G9: 0.000146 | H9: =1-G9 -> 0.999854 | I9: 3987.2192 | J9: 0.000129 | K9: =0.969999966656663*100+1 -> 97.999997 | L9: =98-J9 -> 97.999871
A10: 3983.0024 | B10: 97.9991 | C10: 3985.1576 | D10: 0.000127 | E10: =1-D10 -> 0.999873 | F10: 3985.1576 | G10: 0.000151 | H10: =1-G10 -> 0.999849 | I10: 3985.1576 | J10: 0.000129 | K10: =0.969999966656663*100+1 -> 97.999997 | L10: =98-J10 -> 97.999871
A11: 3980.9408 | B11: 97.9991 | C11: 3983.0959 | D11: 0.0001 | E11: =1-D11 -> 0.9999 | F11: 3983.0959 | G11: 0.000124 | H11: =1-G11 -> 0.999876 | I11: 3983.0959 | J11: 0.000113 | K11: =0.969999966656663*100+1 -> 97.999997 | L11: =98-J11 -> 97.999887
A12: 3978.8793 | B12: 97.9979 | C12: 3981.0343 | D12: 8.2e-05 | E12: =1-D12 -> 0.999918 | F12: 3981.0343 | G12: 0.000108 | H12: =1-G12 -> 0.999892 | I12: 3981.0343 | J12: 9.4e-05 | K12: =0.969999966656663*100+1 -> 97.999997 | L12: =98-J12 -> 97.999906
A13: 3976.8177 | B13: 97.9956 | C13: 3978.9726 | D13: 5.9e-05 | E13: =1-D13 -> 0.999941 | F13: 3978.9726 | G13: 8.6e-05 | H13: =1-G13 -> 0.999914 | I13: 3978.9726 | J13: 7.5e-05 | K13: =0.969999966656663*100+1 -> 97.999997 | L13: =98-J13 -> 97.999925
A14: 3974.7561 | B14: 97.9929 | C14: 3976.911 | D14: 1.4e-05 | E14: =1-D14 -> 0.999986 | F14: 3976.911 | G14: 4.3e-05 | H14: =1-G14 -> 0.999957 | I14: 3976.911 | J14: 5.8e-05 | K14: =0.969999966656663*100+1 -> 97.999997 | L14: =98-J14 -> 97.999942
A15: 3972.6945 | B15: 97.9905 | C15: 3974.8494 | D15: -8e-06 | E15: =1-D15 -> 1.000008 | F15: 3974.8494 | G15: 2.2e-05 | H15: =1-G15 -> 0.999978 | I15: 3974.8494 | J15: 4.4e-05 | K15: =0.969999966656663*100+1 -> 97.999997 | L15: =98-J15 -> 97.999956
... A1651: 599.92428 | B1651: 97.9202 | C1651: 602.00001 | D1651: 2.1e-05 | E1651: =1-D1651 -> 0.999979 | F1651: 602.00001 | G1651: 0 | H1651: =1-G1651 -> 1 | I1651: 602.00001 | J1651: 0.000189 | K1651: =0.969999966656663*100+1 -> 97.999997 | L1651: =98-J1651 -> 97.999811
C1652: 599.93836 | D1652: 0.000127 | E1652: =1-D1652 -> 0.999873 | F1652: 599.93836 | G1652: 0 | H1652: =1-G1652 -> 1 | I1652: 599.93836 | J1652: 0.000189 | K1652: =0.969999966656663*100+1 -> 97.999997 | L1652: =98-J1652 -> 97.999811

Sheet CD_raw
A1: Wavenumber (cm-1) | B1: TR | C1: TR%
A2: 3997.4955 | B2: =Wavelenght!K4 -> 97.999997 | C2: =B2 -> 97.999997
A3: 3995.4339 | B3: =Wavelenght!K5 -> 97.999997 | C3: =B3 -> 97.999997
A4: 3993.3723 | B4: =Wavelenght!K6 -> 97.999997 | C4: =B4 -> 97.999997
A5: 3991.3106 | B5: =Wavelenght!K7 -> 97.999997 | C5: =B5 -> 97.999997
A6: 3989.249 | B6: =Wavelenght!K8 -> 97.999997 | C6: =B6 -> 97.999997
A7: 3987.1874 | B7: =Wavelenght!K9 -> 97.999997 | C7: =B7 -> 97.999997
A8: 3985.1258 | B8: =Wavelenght!K10 -> 97.999997 | C8: =B8 -> 97.999997
A9: 3983.0641 | B9: =Wavelenght!K11 -> 97.999997 | C9: =B9 -> 97.999997
A10: 3981.0025 | B10: =Wavelenght!K12 -> 97.999997 | C10: =B10 -> 97.999997
A11: 3978.9409 | B11: =Wavelenght!K13 -> 97.999997 | C11: =B11 -> 97.999997
A12: 3976.8792 | B12: =Wavelenght!K14 -> 97.999997 | C12: =B12 -> 97.999997
A13: 3974.8176 | B13: =Wavelenght!K15 -> 97.999997 | C13: =B13 -> 97.999997
... A1650: 599.93357 | B1650: =Wavelenght!K1652 -> 97.999997 | C1650: =B1650 -> 97.999997

Sheet Filtered
A1: Wavenumber (cm-1) | B1: TR | D1: Raw data filtered with moving window filter 17 elements
A2: =[1]CD_raw!A10 -> 3981.0025 | B2: =AVERAGE(CD_raw!B2:B18) -> 97.999997
A3: =[1]CD_raw!A11 -> 3978.9409 | B3: =AVERAGE(CD_raw!B3:B19) -> 97.999997
A4: =[1]CD_raw!A12 -> 3976.8792 | B4: =AVERAGE(CD_raw!B4:B20) -> 97.999997
A5: =[1]CD_raw!A13 -> 3974.8176 | B5: =AVERAGE(CD_raw!B5:B21) -> 97.999997
A6: =[1]CD_raw!A14 -> 3972.756 | B6: =AVERAGE(CD_raw!B6:B22) -> 97.999997
A7: =[1]CD_raw!A15 -> 3970.6944 | B7: =AVERAGE(CD_raw!B7:B23) -> 97.999997
A8: =[1]CD_raw!A16 -> 3968.6327 | B8: =AVERAGE(CD_raw!B8:B24) -> 97.999997
A9: =[1]CD_raw!A17 -> 3966.5711 | B9: =AVERAGE(CD_raw!B9:B25) -> 97.999997
A10: =[1]CD_raw!A18 -> 3964.5095 | B10: =AVERAGE(CD_raw!B10:B26) -> 97.999997
A11: =[1]CD_raw!A19 -> 3962.4479 | B11: =AVERAGE(CD_raw!B11:B27) -> 97.999997
A12: =[1]CD_raw!A20 -> 3960.3862 | B12: =AVERAGE(CD_raw!B12:B28) -> 97.999997
A13: =[1]CD_raw!A21 -> 3958.3246 | B13: =AVERAGE(CD_raw!B13:B29) -> 97.999997
... A1642: =[1]CD_raw!A1650 -> 599.93357 | B1642: =AVERAGE(CD_raw!B1642:B1658) -> 97.999997

Sheet Filtered (2 times)
A1: Wavenumber (cm-1) | B1: TR | D1: Raw data filtered with moving window filter 14 elements
A2: =[1]Filtered!A10 -> 3964.5095 | B2: =AVERAGE(Filtered!B2:B15) -> 97.999997
A3: =[1]Filtered!A11 -> 3962.4479 | B3: =AVERAGE(Filtered!B3:B16) -> 97.999997
A4: =[1]Filtered!A12 -> 3960.3862 | B4: =AVERAGE(Filtered!B4:B17) -> 97.999997
A5: =[1]Filtered!A13 -> 3958.3246 | B5: =AVERAGE(Filtered!B5:B18) -> 97.999997
A6: =[1]Filtered!A14 -> 3956.263 | B6: =AVERAGE(Filtered!B6:B19) -> 97.999997
A7: =[1]Filtered!A15 -> 3954.2013 | B7: =AVERAGE(Filtered!B7:B20) -> 97.999997
A8: =[1]Filtered!A16 -> 3952.1397 | B8: =AVERAGE(Filtered!B8:B21) -> 97.999997
A9: =[1]Filtered!A17 -> 3950.0781 | B9: =AVERAGE(Filtered!B9:B22) -> 97.999997
A10: =[1]Filtered!A18 -> 3948.0165 | B10: =AVERAGE(Filtered!B10:B23) -> 97.999997
A11: =[1]Filtered!A19 -> 3945.9548 | B11: =AVERAGE(Filtered!B11:B24) -> 97.999997
A12: =[1]Filtered!A20 -> 3943.8932 | B12: =AVERAGE(Filtered!B12:B25) -> 97.999997
A13: =[1]Filtered!A21 -> 3941.8316 | B13: =AVERAGE(Filtered!B13:B26) -> 97.999997
... A1634: =[1]Filtered!A1642 -> 599.93357 | B1634: =AVERAGE(Filtered!B1634:B1647) -> 97.999997

Sheet Filtered (3 times)
A1: Wavenumber (cm-1) | B1: TR | D1: Raw data filtered with moving window filter 14 elements
A2: ='[1]Filtered (2 times)'!A10 -> 3948.0165 | B2: =AVERAGE('Filtered (2 times)'!B2:B15) -> 97.999997
A3: ='[1]Filtered (2 times)'!A11 -> 3945.9548 | B3: =AVERAGE('Filtered (2 times)'!B3:B16) -> 97.999997
A4: ='[1]Filtered (2 times)'!A12 -> 3943.8932 | B4: =AVERAGE('Filtered (2 times)'!B4:B17) -> 97.999997
A5: ='[1]Filtered (2 times)'!A13 -> 3941.8316 | B5: =AVERAGE('Filtered (2 times)'!B5:B18) -> 97.999997
A6: ='[1]Filtered (2 times)'!A14 -> 3939.77 | B6: =AVERAGE('Filtered (2 times)'!B6:B19) -> 97.999997
A7: ='[1]Filtered (2 times)'!A15 -> 3937.7083 | B7: =AVERAGE('Filtered (2 times)'!B7:B20) -> 97.999997
A8: ='[1]Filtered (2 times)'!A16 -> 3935.6467 | B8: =AVERAGE('Filtered (2 times)'!B8:B21) -> 97.999997
A9: ='[1]Filtered (2 times)'!A17 -> 3933.5851 | B9: =AVERAGE('Filtered (2 times)'!B9:B22) -> 97.999997
A10: ='[1]Filtered (2 times)'!A18 -> 3931.5234 | B10: =AVERAGE('Filtered (2 times)'!B10:B23) -> 97.999997
A11: ='[1]Filtered (2 times)'!A19 -> 3929.4618 | B11: =AVERAGE('Filtered (2 times)'!B11:B24) -> 97.999997
A12: ='[1]Filtered (2 times)'!A20 -> 3927.4002 | B12: =AVERAGE('Filtered (2 times)'!B12:B25) -> 97.999997
A13: ='[1]Filtered (2 times)'!A21 -> 3925.3386 | B13: =AVERAGE('Filtered (2 times)'!B13:B26) -> 97.999997
... A1626: ='[1]Filtered (2 times)'!A1634 -> 599.93357 | B1626: =AVERAGE('Filtered (2 times)'!B1626:B1639) -> 97.999997

Sheet Filtered (3 times)+lowpass
A1: Wavenumber (cm-1) | B1: TR | D1: Filtered data filtered with digital low pass filter
A2: ='[1]Filtered (3 times)'!A2 -> 3948.0165 | B2: ='Filtered (3 times)'!B2 -> 97.999997 | D2: y[n] = α * x[n] + (1 - α) * y[n-1]
A3: ='[1]Filtered (3 times)'!A3 -> 3945.9548 | B3: =$D$4*'Filtered (3 times)'!B3 + (1-$D$4) * B2 -> 97.999997 | D3: alpha
A4: ='[1]Filtered (3 times)'!A4 -> 3943.8932 | B4: =$D$4*'Filtered (3 times)'!B4 + (1-$D$4) * B3 -> 97.999997 | D4: 0.1
A5: ='[1]Filtered (3 times)'!A5 -> 3941.8316 | B5: =$D$4*'Filtered (3 times)'!B5 + (1-$D$4) * B4 -> 97.999997
A6: ='[1]Filtered (3 times)'!A6 -> 3939.77 | B6: =$D$4*'Filtered (3 times)'!B6 + (1-$D$4) * B5 -> 97.999997
A7: ='[1]Filtered (3 times)'!A7 -> 3937.7083 | B7: =$D$4*'Filtered (3 times)'!B7 + (1-$D$4) * B6 -> 97.999997
A8: ='[1]Filtered (3 times)'!A8 -> 3935.6467 | B8: =$D$4*'Filtered (3 times)'!B8 + (1-$D$4) * B7 -> 97.999997
A9: ='[1]Filtered (3 times)'!A9 -> 3933.5851 | B9: =$D$4*'Filtered (3 times)'!B9 + (1-$D$4) * B8 -> 97.999997
A10: ='[1]Filtered (3 times)'!A10 -> 3931.5234 | B10: =$D$4*'Filtered (3 times)'!B10 + (1-$D$4) * B9 -> 97.999997
A11: ='[1]Filtered (3 times)'!A11 -> 3929.4618 | B11: =$D$4*'Filtered (3 times)'!B11 + (1-$D$4) * B10 -> 97.999997
A12: ='[1]Filtered (3 times)'!A12 -> 3927.4002 | B12: =$D$4*'Filtered (3 times)'!B12 + (1-$D$4) * B11 -> 97.999997
A13: ='[1]Filtered (3 times)'!A13 -> 3925.3386 | B13: =$D$4*'Filtered (3 times)'!B13 + (1-$D$4) * B12 -> 97.999997
A14: ='[1]Filtered (3 times)'!A14 -> 3923.2769 | B14: =$D$4*'Filtered (3 times)'!B14 + (1-$D$4) * B13 -> 97.999997
A15: ='[1]Filtered (3 times)'!A15 -> 3921.2153 | B15: =$D$4*'Filtered (3 times)'!B15 + (1-$D$4) * B14 -> 97.999997
A16: ='[1]Filtered (3 times)'!A16 -> 3919.1537 | B16: =$D$4*'Filtered (3 times)'!B16 + (1-$D$4) * B15 -> 97.999997
... A1626: ='[1]Filtered (3 times)'!A1626 -> 599.93357 | B1626: =$D$4*'Filtered (3 times)'!B1626 + (1-$D$4) * B1625 -> 97.999997

Sheet Filtered (3 times)+LPF+HPF
A1: Wavenumber (cm-1) | B1: TR | D1: Filtered data filtered with digital high pass filter
A2: ='Filtered (3 times)+lowpass'!A2 -> 3948.0165 | D2: y(n) = b0 * x(n) + b1 * x(n-1) - a1 * y(n-1)
A3: ='Filtered (3 times)+lowpass'!A3 -> 3945.9548 | B3: =$E$5*'Filtered (3 times)+lowpass'!B3+$F$5*'Filtered (3 times)+lowpass'!B2 -> 0 | C3: =B3+0.97 -> 0.97
A4: ='Filtered (3 times)+lowpass'!A4 -> 3943.8932 | B4: =$E$5*'Filtered (3 times)+lowpass'!B4+$F$5*'Filtered (3 times)+lowpass'!B3 -> 0 | C4: =B4+0.97 -> 0.97 | D4: a1 | E4: b0 | F4: b1
A5: ='Filtered (3 times)+lowpass'!A5 -> 3941.8316 | B5: =$E$5*'Filtered (3 times)+lowpass'!B5+$F$5*'Filtered (3 times)+lowpass'!B4 -> 0 | C5: =B5+0.97 -> 0.97 | D5: 0 | E5: 1 | F5: -1
A6: ='Filtered (3 times)+lowpass'!A6 -> 3939.77 | B6: =$E$5*'Filtered (3 times)+lowpass'!B6+$F$5*'Filtered (3 times)+lowpass'!B5 -> 0 | C6: =B6+0.97 -> 0.97
A7: ='Filtered (3 times)+lowpass'!A7 -> 3937.7083 | B7: =$E$5*'Filtered (3 times)+lowpass'!B7+$F$5*'Filtered (3 times)+lowpass'!B6 -> 0 | C7: =B7+0.97 -> 0.97
A8: ='Filtered (3 times)+lowpass'!A8 -> 3935.6467 | B8: =$E$5*'Filtered (3 times)+lowpass'!B8+$F$5*'Filtered (3 times)+lowpass'!B7 -> 0 | C8: =B8+0.97 -> 0.97
A9: ='Filtered (3 times)+lowpass'!A9 -> 3933.5851 | B9: =$E$5*'Filtered (3 times)+lowpass'!B9+$F$5*'Filtered (3 times)+lowpass'!B8 -> 0 | C9: =B9+0.97 -> 0.97
A10: ='Filtered (3 times)+lowpass'!A10 -> 3931.5234 | B10: =$E$5*'Filtered (3 times)+lowpass'!B10+$F$5*'Filtered (3 times)+lowpass'!B9 -> 0 | C10: =B10+0.97 -> 0.97
A11: ='Filtered (3 times)+lowpass'!A11 -> 3929.4618 | B11: =$E$5*'Filtered (3 times)+lowpass'!B11+$F$5*'Filtered (3 times)+lowpass'!B10 -> 0 | C11: =B11+0.97 -> 0.97
A12: ='Filtered (3 times)+lowpass'!A12 -> 3927.4002 | B12: =$E$5*'Filtered (3 times)+lowpass'!B12+$F$5*'Filtered (3 times)+lowpass'!B11 -> 0 | C12: =B12+0.97 -> 0.97
A13: ='Filtered (3 times)+lowpass'!A13 -> 3925.3386 | B13: =$E$5*'Filtered (3 times)+lowpass'!B13+$F$5*'Filtered (3 times)+lowpass'!B12 -> 0 | C13: =B13+0.97 -> 0.97
A14: ='Filtered (3 times)+lowpass'!A14 -> 3923.2769 | B14: =$E$5*'Filtered (3 times)+lowpass'!B14+$F$5*'Filtered (3 times)+lowpass'!B13 -> 0 | C14: =B14+0.97 -> 0.97
A15: ='Filtered (3 times)+lowpass'!A15 -> 3921.2153 | B15: =$E$5*'Filtered (3 times)+lowpass'!B15+$F$5*'Filtered (3 times)+lowpass'!B14 -> 0 | C15: =B15+0.97 -> 0.97
A16: ='Filtered (3 times)+lowpass'!A16 -> 3919.1537 | B16: =$E$5*'Filtered (3 times)+lowpass'!B16+$F$5*'Filtered (3 times)+lowpass'!B15 -> 0 | C16: =B16+0.97 -> 0.97
A17: ='Filtered (3 times)+lowpass'!A17 -> 3917.0921 | B17: =$E$5*'Filtered (3 times)+lowpass'!B17+$F$5*'Filtered (3 times)+lowpass'!B16 -> 0 | C17: =B17+0.97 -> 0.97
... A1626: ='Filtered (3 times)+lowpass'!A1626 -> 599.93357 | B1626: =$E$5*'Filtered (3 times)+lowpass'!B1626+$F$5*'Filtered (3 times)+lowpass'!B1625 -> 0 | C1626: =B1626+0.97 -> 0.97

Sheet Hoja7
